exp,src,dst,number_of_packets,packet_size,time
1,2,3,100,4,0.000078
1,6,7,100,4,0.000065
2,6,7,100,4,0.000013
2,2,3,100,4,0.000014
3,6,7,100,4,0.000013
3,2,3,100,4,0.000013
4,2,3,100,4,0.000013
1,4,5,100,4,0.000101
5,2,3,100,4,0.000013
4,6,7,100,4,0.000013
5,6,7,100,4,0.000013
6,6,7,100,4,0.000013
6,2,3,100,4,0.000013
7,2,3,100,4,0.000013
7,6,7,100,4,0.000013
8,2,3,100,4,0.000013
8,6,7,100,4,0.000013
9,2,3,100,4,0.000013
9,6,7,100,4,0.000013
10,6,7,100,4,0.000013
10,2,3,100,4,0.000013
11,2,3,100,4,0.000013
11,6,7,100,4,0.000013
12,6,7,100,4,0.000013
12,2,3,100,4,0.000013
13,6,7,100,4,0.000013
13,2,3,100,4,0.000013
14,2,3,100,4,0.000013
14,6,7,100,4,0.000013
15,2,3,100,4,0.000013
15,6,7,100,4,0.000013
16,2,3,100,4,0.000019
16,6,7,100,4,0.000019
17,2,3,100,4,0.000014
17,6,7,100,4,0.000015
18,2,3,100,4,0.000013
19,2,3,100,4,0.000013
18,6,7,100,4,0.000013
20,2,3,100,4,0.000013
19,6,7,100,4,0.000013
21,2,3,100,4,0.000013
20,6,7,100,4,0.000013
21,6,7,100,4,0.000013
22,2,3,100,4,0.000013
23,2,3,100,4,0.000013
22,6,7,100,4,0.000013
24,2,3,100,4,0.000013
23,6,7,100,4,0.000013
24,6,7,100,4,0.000013
25,2,3,100,4,0.000013
26,2,3,100,4,0.000013
25,6,7,100,4,0.000013
27,2,3,100,4,0.000014
26,6,7,100,4,0.000013
28,2,3,100,4,0.000013
27,6,7,100,4,0.000014
29,2,3,100,4,0.000013
28,6,7,100,4,0.000013
30,2,3,100,4,0.000013
29,6,7,100,4,0.000013
31,2,3,100,4,0.000013
30,6,7,100,4,0.000013
32,2,3,100,4,0.000013
31,6,7,100,4,0.000013
33,2,3,100,4,0.000013
32,6,7,100,4,0.000013
34,2,3,100,4,0.000013
33,6,7,100,4,0.000013
34,6,7,100,4,0.000013
35,6,7,100,4,0.000022
35,2,3,100,4,0.000013
36,2,3,100,4,0.000013
37,2,3,100,4,0.000013
36,6,7,100,4,0.000014
38,2,3,100,4,0.000013
37,6,7,100,4,0.000013
39,2,3,100,4,0.000013
38,6,7,100,4,0.000013
39,6,7,100,4,0.000013
40,2,3,100,4,0.000013
41,2,3,100,4,0.000013
40,6,7,100,4,0.000013
42,2,3,100,4,0.000013
41,6,7,100,4,0.000013
43,2,3,100,4,0.000021
42,6,7,100,4,0.000013
44,2,3,100,4,0.000013
43,6,7,100,4,0.000013
45,2,3,100,4,0.000013
44,6,7,100,4,0.000013
46,2,3,100,4,0.000013
45,6,7,100,4,0.000013
47,2,3,100,4,0.000013
46,6,7,100,4,0.000013
48,2,3,100,4,0.000013
47,6,7,100,4,0.000013
49,2,3,100,4,0.000013
48,6,7,100,4,0.000013
50,2,3,100,4,0.000013
49,6,7,100,4,0.000013
51,2,3,100,4,0.000013
50,6,7,100,4,0.000013
52,2,3,100,4,0.000013
51,6,7,100,4,0.000013
53,2,3,100,4,0.000013
52,6,7,100,4,0.000013
54,2,3,100,4,0.000013
53,6,7,100,4,0.000013
55,2,3,100,4,0.000013
54,6,7,100,4,0.000013
55,6,7,100,4,0.000013
56,2,3,100,4,0.000013
57,2,3,100,4,0.000013
56,6,7,100,4,0.000013
58,2,3,100,4,0.000013
57,6,7,100,4,0.000013
59,2,3,100,4,0.000013
58,6,7,100,4,0.000013
60,2,3,100,4,0.000013
59,6,7,100,4,0.000013
61,2,3,100,4,0.000013
60,6,7,100,4,0.000013
62,2,3,100,4,0.000013
61,6,7,100,4,0.000013
63,2,3,100,4,0.000013
62,6,7,100,4,0.000013
64,2,3,100,4,0.000013
63,6,7,100,4,0.000013
65,2,3,100,4,0.000013
64,6,7,100,4,0.000013
66,2,3,100,4,0.000013
67,2,3,100,4,0.000013
65,6,7,100,4,0.000013
66,6,7,100,4,0.000013
68,2,3,100,4,0.000013
67,6,7,100,4,0.000013
69,2,3,100,4,0.000013
68,6,7,100,4,0.000013
70,2,3,100,4,0.000013
69,6,7,100,4,0.000013
71,2,3,100,4,0.000013
70,6,7,100,4,0.000013
72,2,3,100,4,0.000013
71,6,7,100,4,0.000013
73,2,3,100,4,0.000013
72,6,7,100,4,0.000013
74,2,3,100,4,0.000013
73,6,7,100,4,0.000013
75,2,3,100,4,0.000013
74,6,7,100,4,0.000013
76,2,3,100,4,0.000013
75,6,7,100,4,0.000013
77,2,3,100,4,0.000013
76,6,7,100,4,0.000013
77,6,7,100,4,0.000013
78,2,3,100,4,0.000013
79,2,3,100,4,0.000013
78,6,7,100,4,0.000013
80,2,3,100,4,0.000013
79,6,7,100,4,0.000013
81,2,3,100,4,0.000013
80,6,7,100,4,0.000013
82,2,3,100,4,0.000013
83,2,3,100,4,0.000013
81,6,7,100,4,0.000013
84,2,3,100,4,0.000013
82,6,7,100,4,0.000013
85,2,3,100,4,0.000013
83,6,7,100,4,0.000013
86,2,3,100,4,0.000013
84,6,7,100,4,0.000013
87,2,3,100,4,0.000013
85,6,7,100,4,0.000013
88,2,3,100,4,0.000013
86,6,7,100,4,0.000013
89,2,3,100,4,0.000013
87,6,7,100,4,0.000013
90,2,3,100,4,0.000013
88,6,7,100,4,0.000013
91,2,3,100,4,0.000013
89,6,7,100,4,0.000013
92,2,3,100,4,0.000013
90,6,7,100,4,0.000013
93,2,3,100,4,0.000013
91,6,7,100,4,0.000013
94,2,3,100,4,0.000013
92,6,7,100,4,0.000013
95,2,3,100,4,0.000013
93,6,7,100,4,0.000013
96,2,3,100,4,0.000013
94,6,7,100,4,0.000013
97,2,3,100,4,0.000013
95,6,7,100,4,0.000013
98,2,3,100,4,0.000013
96,6,7,100,4,0.000018
99,2,3,100,4,0.000013
97,6,7,100,4,0.000013
98,6,7,100,4,0.000013
1,0,1,100,4,0.001746
2,0,1,100,4,0.000014
99,6,7,100,4,0.000013
3,0,1,100,4,0.000014
4,0,1,100,4,0.000014
2,4,5,100,4,0.001637
3,4,5,100,4,0.000053
5,0,1,100,4,0.000013
6,0,1,100,4,0.000013
4,4,5,100,4,0.000013
7,0,1,100,4,0.000023
5,4,5,100,4,0.000013
8,0,1,100,4,0.000013
6,4,5,100,4,0.000013
9,0,1,100,4,0.000013
7,4,5,100,4,0.000013
10,0,1,100,4,0.000044
8,4,5,100,4,0.000013
9,4,5,100,4,0.000013
11,0,1,100,4,0.000014
10,4,5,100,4,0.000013
12,0,1,100,4,0.000014
11,4,5,100,4,0.000023
13,0,1,100,4,0.000013
12,4,5,100,4,0.000013
14,0,1,100,4,0.000014
15,0,1,100,4,0.000013
13,4,5,100,4,0.000013
16,0,1,100,4,0.000024
14,4,5,100,4,0.000013
17,0,1,100,4,0.000015
15,4,5,100,4,0.000014
18,0,1,100,4,0.000013
16,4,5,100,4,0.000024
19,0,1,100,4,0.000013
17,4,5,100,4,0.000014
20,0,1,100,4,0.000013
18,4,5,100,4,0.000013
21,0,1,100,4,0.000013
19,4,5,100,4,0.000013
22,0,1,100,4,0.000013
20,4,5,100,4,0.000013
23,0,1,100,4,0.000022
21,4,5,100,4,0.000013
24,0,1,100,4,0.000013
22,4,5,100,4,0.000013
25,0,1,100,4,0.000013
23,4,5,100,4,0.000013
26,0,1,100,4,0.000013
24,4,5,100,4,0.000042
27,0,1,100,4,0.000014
25,4,5,100,4,0.000022
28,0,1,100,4,0.000013
26,4,5,100,4,0.000013
27,4,5,100,4,0.000014
29,0,1,100,4,0.000013
30,0,1,100,4,0.000013
28,4,5,100,4,0.000013
31,0,1,100,4,0.000013
29,4,5,100,4,0.000013
32,0,1,100,4,0.000013
30,4,5,100,4,0.000013
33,0,1,100,4,0.000013
31,4,5,100,4,0.000013
34,0,1,100,4,0.000013
32,4,5,100,4,0.000013
35,0,1,100,4,0.000014
33,4,5,100,4,0.000023
36,0,1,100,4,0.000013
34,4,5,100,4,0.000023
37,0,1,100,4,0.000030
35,4,5,100,4,0.000013
38,0,1,100,4,0.000013
36,4,5,100,4,0.000013
39,0,1,100,4,0.000013
37,4,5,100,4,0.000020
40,0,1,100,4,0.000013
38,4,5,100,4,0.000013
41,0,1,100,4,0.000013
39,4,5,100,4,0.000013
42,0,1,100,4,0.000013
40,4,5,100,4,0.000013
43,0,1,100,4,0.000013
41,4,5,100,4,0.000013
42,4,5,100,4,0.000022
44,0,1,100,4,0.000013
45,0,1,100,4,0.000013
43,4,5,100,4,0.000013
46,0,1,100,4,0.000013
44,4,5,100,4,0.000013
47,0,1,100,4,0.000013
45,4,5,100,4,0.000013
48,0,1,100,4,0.000013
46,4,5,100,4,0.000013
49,0,1,100,4,0.000013
47,4,5,100,4,0.000013
50,0,1,100,4,0.000013
48,4,5,100,4,0.000017
49,4,5,100,4,0.000014
51,0,1,100,4,0.000013
52,0,1,100,4,0.000017
50,4,5,100,4,0.000013
53,0,1,100,4,0.000013
51,4,5,100,4,0.000013
54,0,1,100,4,0.000013
52,4,5,100,4,0.000020
55,0,1,100,4,0.000013
53,4,5,100,4,0.000013
56,0,1,100,4,0.000013
54,4,5,100,4,0.000013
57,0,1,100,4,0.000016
55,4,5,100,4,0.000013
58,0,1,100,4,0.000013
56,4,5,100,4,0.000013
57,4,5,100,4,0.000013
59,0,1,100,4,0.000013
60,0,1,100,4,0.000013
58,4,5,100,4,0.000013
61,0,1,100,4,0.000013
59,4,5,100,4,0.000023
62,0,1,100,4,0.000013
60,4,5,100,4,0.000013
63,0,1,100,4,0.000013
61,4,5,100,4,0.000013
64,0,1,100,4,0.000013
62,4,5,100,4,0.000013
65,0,1,100,4,0.000013
63,4,5,100,4,0.000013
66,0,1,100,4,0.000013
64,4,5,100,4,0.000013
65,4,5,100,4,0.000013
67,0,1,100,4,0.000022
68,0,1,100,4,0.000013
66,4,5,100,4,0.000039
69,0,1,100,4,0.000013
67,4,5,100,4,0.000014
70,0,1,100,4,0.000013
68,4,5,100,4,0.000022
69,4,5,100,4,0.000013
71,0,1,100,4,0.000013
72,0,1,100,4,0.000013
70,4,5,100,4,0.000013
73,0,1,100,4,0.000013
71,4,5,100,4,0.000013
74,0,1,100,4,0.000013
72,4,5,100,4,0.000013
75,0,1,100,4,0.000013
73,4,5,100,4,0.000013
74,4,5,100,4,0.000013
76,0,1,100,4,0.000013
77,0,1,100,4,0.000013
75,4,5,100,4,0.000013
78,0,1,100,4,0.000013
76,4,5,100,4,0.000023
79,0,1,100,4,0.000013
77,4,5,100,4,0.000023
78,4,5,100,4,0.000013
80,0,1,100,4,0.000013
81,0,1,100,4,0.000031
79,4,5,100,4,0.000020
82,0,1,100,4,0.000014
80,4,5,100,4,0.000013
83,0,1,100,4,0.000013
81,4,5,100,4,0.000013
84,0,1,100,4,0.000013
82,4,5,100,4,0.000013
85,0,1,100,4,0.000013
83,4,5,100,4,0.000013
86,0,1,100,4,0.000013
84,4,5,100,4,0.000013
87,0,1,100,4,0.000013
85,4,5,100,4,0.000023
88,0,1,100,4,0.000013
86,4,5,100,4,0.000023
89,0,1,100,4,0.000013
87,4,5,100,4,0.000013
90,0,1,100,4,0.000013
88,4,5,100,4,0.000013
91,0,1,100,4,0.000013
89,4,5,100,4,0.000013
92,0,1,100,4,0.000013
90,4,5,100,4,0.000013
93,0,1,100,4,0.000013
91,4,5,100,4,0.000013
94,0,1,100,4,0.000013
92,4,5,100,4,0.000013
95,0,1,100,4,0.000020
93,4,5,100,4,0.000019
96,0,1,100,4,0.000013
94,4,5,100,4,0.000023
97,0,1,100,4,0.000013
95,4,5,100,4,0.000023
98,0,1,100,4,0.000013
96,4,5,100,4,0.000013
99,0,1,100,4,0.000013
97,4,5,100,4,0.000013
98,4,5,100,4,0.000013
99,4,5,100,4,0.000013
1,4,5,100,40,0.000075
1,2,3,100,40,0.000073
2,2,3,100,40,0.000015
3,2,3,100,40,0.000015
2,4,5,100,40,0.000014
3,4,5,100,40,0.000013
4,4,5,100,40,0.000016
4,2,3,100,40,0.000014
5,2,3,100,40,0.000015
5,4,5,100,40,0.000014
6,2,3,100,40,0.000014
6,4,5,100,40,0.000014
7,2,3,100,40,0.000015
7,4,5,100,40,0.000013
8,4,5,100,40,0.000013
8,2,3,100,40,0.000015
9,2,3,100,40,0.000015
9,4,5,100,40,0.000014
10,4,5,100,40,0.000015
10,2,3,100,40,0.000014
11,4,5,100,40,0.000014
11,2,3,100,40,0.000015
12,2,3,100,40,0.000015
12,4,5,100,40,0.000019
13,2,3,100,40,0.000015
13,4,5,100,40,0.000013
14,2,3,100,40,0.000014
14,4,5,100,40,0.000013
15,2,3,100,40,0.000014
15,4,5,100,40,0.000014
16,2,3,100,40,0.000020
16,4,5,100,40,0.000023
17,2,3,100,40,0.000016
18,2,3,100,40,0.000015
17,4,5,100,40,0.000016
18,4,5,100,40,0.000014
19,2,3,100,40,0.000014
19,4,5,100,40,0.000014
20,4,5,100,40,0.000014
20,2,3,100,40,0.000014
21,2,3,100,40,0.000014
21,4,5,100,40,0.000013
22,2,3,100,40,0.000014
22,4,5,100,40,0.000014
23,4,5,100,40,0.000014
23,2,3,100,40,0.000014
24,2,3,100,40,0.000014
24,4,5,100,40,0.000015
25,2,3,100,40,0.000034
25,4,5,100,40,0.000014
26,2,3,100,40,0.000014
26,4,5,100,40,0.000014
27,2,3,100,40,0.000014
27,4,5,100,40,0.000015
28,2,3,100,40,0.000013
28,4,5,100,40,0.000015
29,2,3,100,40,0.000014
29,4,5,100,40,0.000014
30,2,3,100,40,0.000015
30,4,5,100,40,0.000015
31,2,3,100,40,0.000014
31,4,5,100,40,0.000014
32,2,3,100,40,0.000015
32,4,5,100,40,0.000014
33,4,5,100,40,0.000013
34,4,5,100,40,0.000014
33,2,3,100,40,0.000013
34,2,3,100,40,0.000014
35,4,5,100,40,0.000015
35,2,3,100,40,0.000014
36,4,5,100,40,0.000014
36,2,3,100,40,0.000015
37,4,5,100,40,0.000013
38,4,5,100,40,0.000014
37,2,3,100,40,0.000014
38,2,3,100,40,0.000014
39,4,5,100,40,0.000014
39,2,3,100,40,0.000014
40,4,5,100,40,0.000014
40,2,3,100,40,0.000014
41,4,5,100,40,0.000013
41,2,3,100,40,0.000014
42,4,5,100,40,0.000014
42,2,3,100,40,0.000014
43,4,5,100,40,0.000014
43,2,3,100,40,0.000015
44,4,5,100,40,0.000014
44,2,3,100,40,0.000014
45,4,5,100,40,0.000013
45,2,3,100,40,0.000015
46,4,5,100,40,0.000014
46,2,3,100,40,0.000014
47,4,5,100,40,0.000015
47,2,3,100,40,0.000015
48,4,5,100,40,0.000014
48,2,3,100,40,0.000015
49,4,5,100,40,0.000015
49,2,3,100,40,0.000014
50,4,5,100,40,0.000014
50,2,3,100,40,0.000015
51,4,5,100,40,0.000015
51,2,3,100,40,0.000014
52,4,5,100,40,0.000015
52,2,3,100,40,0.000014
53,4,5,100,40,0.000014
54,4,5,100,40,0.000014
53,2,3,100,40,0.000015
54,2,3,100,40,0.000014
55,4,5,100,40,0.000014
55,2,3,100,40,0.000015
56,4,5,100,40,0.000014
56,2,3,100,40,0.000013
57,4,5,100,40,0.000014
57,2,3,100,40,0.000014
58,4,5,100,40,0.000015
58,2,3,100,40,0.000014
59,4,5,100,40,0.000015
59,2,3,100,40,0.000014
60,2,3,100,40,0.000014
60,4,5,100,40,0.000014
61,2,3,100,40,0.000015
61,4,5,100,40,0.000014
62,4,5,100,40,0.000014
62,2,3,100,40,0.000014
63,4,5,100,40,0.000013
63,2,3,100,40,0.000013
64,4,5,100,40,0.000014
64,2,3,100,40,0.000015
65,4,5,100,40,0.000015
65,2,3,100,40,0.000013
66,4,5,100,40,0.000014
66,2,3,100,40,0.000014
67,4,5,100,40,0.000015
67,2,3,100,40,0.000014
68,4,5,100,40,0.000014
68,2,3,100,40,0.000014
69,4,5,100,40,0.000016
1,0,1,100,40,0.000070
70,4,5,100,40,0.000013
69,2,3,100,40,0.000014
70,2,3,100,40,0.000014
71,4,5,100,40,0.000014
71,2,3,100,40,0.000015
72,4,5,100,40,0.000014
72,2,3,100,40,0.000014
73,4,5,100,40,0.000015
73,2,3,100,40,0.000013
74,4,5,100,40,0.000014
74,2,3,100,40,0.000014
75,4,5,100,40,0.000014
76,4,5,100,40,0.000014
77,4,5,100,40,0.000014
75,2,3,100,40,0.000015
76,2,3,100,40,0.000013
78,4,5,100,40,0.000014
77,2,3,100,40,0.000015
79,4,5,100,40,0.000014
78,2,3,100,40,0.000013
80,4,5,100,40,0.000015
79,2,3,100,40,0.000014
81,4,5,100,40,0.000014
80,2,3,100,40,0.000014
82,4,5,100,40,0.000014
81,2,3,100,40,0.000017
83,4,5,100,40,0.000014
82,2,3,100,40,0.000013
84,4,5,100,40,0.000014
83,2,3,100,40,0.000014
85,4,5,100,40,0.000014
84,2,3,100,40,0.000014
86,4,5,100,40,0.000014
85,2,3,100,40,0.000015
87,4,5,100,40,0.000015
86,2,3,100,40,0.000015
88,4,5,100,40,0.000014
87,2,3,100,40,0.000014
89,4,5,100,40,0.000014
88,2,3,100,40,0.000014
90,4,5,100,40,0.000014
89,2,3,100,40,0.000014
91,4,5,100,40,0.000014
92,4,5,100,40,0.000013
90,2,3,100,40,0.000015
93,4,5,100,40,0.000014
91,2,3,100,40,0.000014
94,4,5,100,40,0.000014
92,2,3,100,40,0.000014
95,4,5,100,40,0.000014
93,2,3,100,40,0.000015
96,4,5,100,40,0.000013
94,2,3,100,40,0.000014
97,4,5,100,40,0.000014
95,2,3,100,40,0.000014
98,4,5,100,40,0.000015
96,2,3,100,40,0.000015
99,4,5,100,40,0.000014
97,2,3,100,40,0.000014
1,6,7,100,40,0.001849
2,6,7,100,40,0.000015
98,2,3,100,40,0.000015
99,2,3,100,40,0.000014
3,6,7,100,40,0.000014
2,0,1,100,40,0.000364
4,6,7,100,40,0.000020
3,0,1,100,40,0.000016
5,6,7,100,40,0.000015
4,0,1,100,40,0.000016
5,0,1,100,40,0.000013
6,6,7,100,40,0.000015
6,0,1,100,40,0.000025
7,6,7,100,40,0.000013
8,6,7,100,40,0.000014
7,0,1,100,40,0.000014
9,6,7,100,40,0.000013
8,0,1,100,40,0.000024
10,6,7,100,40,0.000014
9,0,1,100,40,0.000016
11,6,7,100,40,0.000014
10,0,1,100,40,0.000014
11,0,1,100,40,0.000015
12,6,7,100,40,0.000014
12,0,1,100,40,0.000015
13,6,7,100,40,0.000013
13,0,1,100,40,0.000014
14,6,7,100,40,0.000014
14,0,1,100,40,0.000014
15,6,7,100,40,0.000015
15,0,1,100,40,0.000013
16,6,7,100,40,0.000021
16,0,1,100,40,0.000023
17,6,7,100,40,0.000016
17,0,1,100,40,0.000016
18,6,7,100,40,0.000035
18,0,1,100,40,0.000014
19,6,7,100,40,0.000013
19,0,1,100,40,0.000014
20,6,7,100,40,0.000014
20,0,1,100,40,0.000014
21,6,7,100,40,0.000013
21,0,1,100,40,0.000014
22,6,7,100,40,0.000020
22,0,1,100,40,0.000014
23,6,7,100,40,0.000013
23,0,1,100,40,0.000015
24,6,7,100,40,0.000014
24,0,1,100,40,0.000014
25,6,7,100,40,0.000013
26,6,7,100,40,0.000014
25,0,1,100,40,0.000014
26,0,1,100,40,0.000014
27,6,7,100,40,0.000015
27,0,1,100,40,0.000015
28,6,7,100,40,0.000013
28,0,1,100,40,0.000014
29,6,7,100,40,0.000014
29,0,1,100,40,0.000015
30,6,7,100,40,0.000015
30,0,1,100,40,0.000015
31,6,7,100,40,0.000014
31,0,1,100,40,0.000015
32,6,7,100,40,0.000019
32,0,1,100,40,0.000014
33,6,7,100,40,0.000013
33,0,1,100,40,0.000014
34,6,7,100,40,0.000014
34,0,1,100,40,0.000015
35,6,7,100,40,0.000013
35,0,1,100,40,0.000016
36,6,7,100,40,0.000014
36,0,1,100,40,0.000015
37,6,7,100,40,0.000015
37,0,1,100,40,0.000015
38,6,7,100,40,0.000014
38,0,1,100,40,0.000014
39,6,7,100,40,0.000013
39,0,1,100,40,0.000013
40,6,7,100,40,0.000014
41,6,7,100,40,0.000013
40,0,1,100,40,0.000014
41,0,1,100,40,0.000014
42,6,7,100,40,0.000013
42,0,1,100,40,0.000014
43,6,7,100,40,0.000014
43,0,1,100,40,0.000014
44,6,7,100,40,0.000014
44,0,1,100,40,0.000013
45,6,7,100,40,0.000014
45,0,1,100,40,0.000014
46,6,7,100,40,0.000031
46,0,1,100,40,0.000015
47,6,7,100,40,0.000014
48,6,7,100,40,0.000014
47,0,1,100,40,0.000014
48,0,1,100,40,0.000015
49,6,7,100,40,0.000014
49,0,1,100,40,0.000015
50,6,7,100,40,0.000014
50,0,1,100,40,0.000014
51,6,7,100,40,0.000014
51,0,1,100,40,0.000014
52,6,7,100,40,0.000014
52,0,1,100,40,0.000015
53,6,7,100,40,0.000013
53,0,1,100,40,0.000014
54,6,7,100,40,0.000014
54,0,1,100,40,0.000014
55,6,7,100,40,0.000013
56,6,7,100,40,0.000014
55,0,1,100,40,0.000015
56,0,1,100,40,0.000014
57,6,7,100,40,0.000015
57,0,1,100,40,0.000015
58,6,7,100,40,0.000014
58,0,1,100,40,0.000014
59,6,7,100,40,0.000013
59,0,1,100,40,0.000014
60,6,7,100,40,0.000031
60,0,1,100,40,0.000015
61,6,7,100,40,0.000014
61,0,1,100,40,0.000014
62,6,7,100,40,0.000014
62,0,1,100,40,0.000014
63,6,7,100,40,0.000014
64,6,7,100,40,0.000014
63,0,1,100,40,0.000015
64,0,1,100,40,0.000015
65,6,7,100,40,0.000013
65,0,1,100,40,0.000015
66,6,7,100,40,0.000013
66,0,1,100,40,0.000015
67,6,7,100,40,0.000014
68,6,7,100,40,0.000013
67,0,1,100,40,0.000013
68,0,1,100,40,0.000015
69,6,7,100,40,0.000013
69,0,1,100,40,0.000014
70,6,7,100,40,0.000014
70,0,1,100,40,0.000015
71,6,7,100,40,0.000014
71,0,1,100,40,0.000013
72,6,7,100,40,0.000015
73,6,7,100,40,0.000014
72,0,1,100,40,0.000015
73,0,1,100,40,0.000014
74,6,7,100,40,0.000014
74,0,1,100,40,0.000014
75,0,1,100,40,0.000014
75,6,7,100,40,0.000015
76,0,1,100,40,0.000014
76,6,7,100,40,0.000014
77,6,7,100,40,0.000014
77,0,1,100,40,0.000014
78,0,1,100,40,0.000015
78,6,7,100,40,0.000019
79,0,1,100,40,0.000015
79,6,7,100,40,0.000015
80,0,1,100,40,0.000014
80,6,7,100,40,0.000014
81,0,1,100,40,0.000015
81,6,7,100,40,0.000013
82,0,1,100,40,0.000014
82,6,7,100,40,0.000014
83,0,1,100,40,0.000014
83,6,7,100,40,0.000014
84,0,1,100,40,0.000014
84,6,7,100,40,0.000013
85,0,1,100,40,0.000013
85,6,7,100,40,0.000014
86,0,1,100,40,0.000015
86,6,7,100,40,0.000013
87,0,1,100,40,0.000013
87,6,7,100,40,0.000013
88,0,1,100,40,0.000015
88,6,7,100,40,0.000013
89,0,1,100,40,0.000014
89,6,7,100,40,0.000021
90,0,1,100,40,0.000013
90,6,7,100,40,0.000015
91,0,1,100,40,0.000015
91,6,7,100,40,0.000013
92,0,1,100,40,0.000014
92,6,7,100,40,0.000014
93,0,1,100,40,0.000013
93,6,7,100,40,0.000013
94,0,1,100,40,0.000014
94,6,7,100,40,0.000013
95,0,1,100,40,0.000014
95,6,7,100,40,0.000014
96,0,1,100,40,0.000014
96,6,7,100,40,0.000015
97,0,1,100,40,0.000014
97,6,7,100,40,0.000013
98,6,7,100,40,0.000014
98,0,1,100,40,0.000015
99,0,1,100,40,0.000018
99,6,7,100,40,0.000013
1,0,1,100,400,0.000232
1,4,5,100,400,0.000224
1,6,7,100,400,0.000221
1,2,3,100,400,0.000237
2,4,5,100,400,0.000031
2,2,3,100,400,0.000032
3,2,3,100,400,0.000030
3,4,5,100,400,0.000029
4,4,5,100,400,0.000029
4,2,3,100,400,0.000031
5,4,5,100,400,0.000031
5,2,3,100,400,0.000029
6,4,5,100,400,0.000030
6,2,3,100,400,0.000031
7,4,5,100,400,0.000029
7,2,3,100,400,0.000033
8,2,3,100,400,0.000030
8,4,5,100,400,0.000030
9,2,3,100,400,0.000031
9,4,5,100,400,0.000029
10,4,5,100,400,0.000028
10,2,3,100,400,0.000029
11,2,3,100,400,0.000030
11,4,5,100,400,0.000028
2,0,1,100,400,0.000339
2,6,7,100,400,0.000362
12,4,5,100,400,0.000031
12,2,3,100,400,0.000036
13,2,3,100,400,0.000029
13,4,5,100,400,0.000030
14,2,3,100,400,0.000029
14,4,5,100,400,0.000031
15,4,5,100,400,0.000032
15,2,3,100,400,0.000030
3,6,7,100,400,0.000149
16,2,3,100,400,0.000038
16,4,5,100,400,0.000038
3,0,1,100,400,0.000177
17,4,5,100,400,0.000029
17,2,3,100,400,0.000033
18,4,5,100,400,0.000032
18,2,3,100,400,0.000031
19,4,5,100,400,0.000030
19,2,3,100,400,0.000030
20,4,5,100,400,0.000029
20,2,3,100,400,0.000030
21,2,3,100,400,0.000030
21,4,5,100,400,0.000029
22,4,5,100,400,0.000027
22,2,3,100,400,0.000031
23,4,5,100,400,0.000029
23,2,3,100,400,0.000031
24,2,3,100,400,0.000030
4,6,7,100,400,0.000259
24,4,5,100,400,0.000030
4,0,1,100,400,0.000298
25,4,5,100,400,0.000028
25,2,3,100,400,0.000029
26,4,5,100,400,0.000029
26,2,3,100,400,0.000031
27,4,5,100,400,0.000030
27,2,3,100,400,0.000031
28,4,5,100,400,0.000031
28,2,3,100,400,0.000030
29,4,5,100,400,0.000029
29,2,3,100,400,0.000030
30,4,5,100,400,0.000030
30,2,3,100,400,0.000030
31,4,5,100,400,0.000029
31,2,3,100,400,0.000030
5,6,7,100,400,0.000225
32,2,3,100,400,0.000029
5,0,1,100,400,0.000262
32,4,5,100,400,0.000030
33,4,5,100,400,0.000032
33,2,3,100,400,0.000030
34,2,3,100,400,0.000031
34,4,5,100,400,0.000030
35,4,5,100,400,0.000034
35,2,3,100,400,0.000031
36,2,3,100,400,0.000029
36,4,5,100,400,0.000031
6,6,7,100,400,0.000207
37,2,3,100,400,0.000029
37,4,5,100,400,0.000030
38,2,3,100,400,0.000030
38,4,5,100,400,0.000029
39,2,3,100,400,0.000029
39,4,5,100,400,0.000030
40,2,3,100,400,0.000031
40,4,5,100,400,0.000028
6,0,1,100,400,0.000269
41,4,5,100,400,0.000029
41,2,3,100,400,0.000034
42,4,5,100,400,0.000031
42,2,3,100,400,0.000032
43,4,5,100,400,0.000028
43,2,3,100,400,0.000030
44,4,5,100,400,0.000031
44,2,3,100,400,0.000029
45,4,5,100,400,0.000027
45,2,3,100,400,0.000029
7,6,7,100,400,0.000286
46,2,3,100,400,0.000030
46,4,5,100,400,0.000028
47,2,3,100,400,0.000030
47,4,5,100,400,0.000029
48,2,3,100,400,0.000030
49,2,3,100,400,0.000030
48,4,5,100,400,0.000030
49,4,5,100,400,0.000029
7,0,1,100,400,0.000261
50,2,3,100,400,0.000031
50,4,5,100,400,0.000030
51,4,5,100,400,0.000028
51,2,3,100,400,0.000029
52,4,5,100,400,0.000029
52,2,3,100,400,0.000028
53,4,5,100,400,0.000029
53,2,3,100,400,0.000030
54,4,5,100,400,0.000028
54,2,3,100,400,0.000031
55,4,5,100,400,0.000030
55,2,3,100,400,0.000029
8,6,7,100,400,0.000287
8,0,1,100,400,0.000239
56,4,5,100,400,0.000029
56,2,3,100,400,0.000031
57,4,5,100,400,0.000028
57,2,3,100,400,0.000030
58,2,3,100,400,0.000029
58,4,5,100,400,0.000029
59,4,5,100,400,0.000030
59,2,3,100,400,0.000031
60,4,5,100,400,0.000029
60,2,3,100,400,0.000030
61,4,5,100,400,0.000029
61,2,3,100,400,0.000030
9,6,7,100,400,0.000235
62,2,3,100,400,0.000030
62,4,5,100,400,0.000031
9,0,1,100,400,0.000225
63,4,5,100,400,0.000030
63,2,3,100,400,0.000031
64,4,5,100,400,0.000028
64,2,3,100,400,0.000029
65,2,3,100,400,0.000030
65,4,5,100,400,0.000030
66,4,5,100,400,0.000027
66,2,3,100,400,0.000029
67,4,5,100,400,0.000030
67,2,3,100,400,0.000032
68,4,5,100,400,0.000030
68,2,3,100,400,0.000030
69,2,3,100,400,0.000030
69,4,5,100,400,0.000030
70,4,5,100,400,0.000031
70,2,3,100,400,0.000029
10,6,7,100,400,0.000258
71,2,3,100,400,0.000033
71,4,5,100,400,0.000029
10,0,1,100,400,0.000267
72,4,5,100,400,0.000028
72,2,3,100,400,0.000029
73,4,5,100,400,0.000029
73,2,3,100,400,0.000030
74,4,5,100,400,0.000030
74,2,3,100,400,0.000031
75,4,5,100,400,0.000029
75,2,3,100,400,0.000031
76,4,5,100,400,0.000030
76,2,3,100,400,0.000029
77,4,5,100,400,0.000029
77,2,3,100,400,0.000030
78,2,3,100,400,0.000030
78,4,5,100,400,0.000028
79,4,5,100,400,0.000029
11,0,1,100,400,0.000234
11,6,7,100,400,0.000286
79,2,3,100,400,0.000029
80,4,5,100,400,0.000030
80,2,3,100,400,0.000030
81,4,5,100,400,0.000029
81,2,3,100,400,0.000029
82,4,5,100,400,0.000030
82,2,3,100,400,0.000031
83,2,3,100,400,0.000030
83,4,5,100,400,0.000030
84,4,5,100,400,0.000029
84,2,3,100,400,0.000030
85,4,5,100,400,0.000030
85,2,3,100,400,0.000030
86,4,5,100,400,0.000030
86,2,3,100,400,0.000030
12,0,1,100,400,0.000293
87,4,5,100,400,0.000030
88,4,5,100,400,0.000031
87,2,3,100,400,0.000031
89,4,5,100,400,0.000029
88,2,3,100,400,0.000029
89,2,3,100,400,0.000031
12,6,7,100,400,0.000359
90,4,5,100,400,0.000027
90,2,3,100,400,0.000029
91,4,5,100,400,0.000031
91,2,3,100,400,0.000031
92,4,5,100,400,0.000029
92,2,3,100,400,0.000031
93,4,5,100,400,0.000029
93,2,3,100,400,0.000031
94,4,5,100,400,0.000029
94,2,3,100,400,0.000031
13,0,1,100,400,0.000238
95,4,5,100,400,0.000029
95,2,3,100,400,0.000031
96,4,5,100,400,0.000033
96,2,3,100,400,0.000029
97,4,5,100,400,0.000031
97,2,3,100,400,0.000030
98,4,5,100,400,0.000031
99,4,5,100,400,0.000029
98,2,3,100,400,0.000030
13,6,7,100,400,0.000330
99,2,3,100,400,0.000029
14,6,7,100,400,0.000103
14,0,1,100,400,0.000226
15,6,7,100,400,0.000030
15,0,1,100,400,0.000031
16,6,7,100,400,0.000051
16,0,1,100,400,0.000041
17,0,1,100,400,0.000034
17,6,7,100,400,0.000041
18,6,7,100,400,0.000030
18,0,1,100,400,0.000040
19,6,7,100,400,0.000049
19,0,1,100,400,0.000029
20,6,7,100,400,0.000043
20,0,1,100,400,0.000051
21,6,7,100,400,0.000049
21,0,1,100,400,0.000039
22,6,7,100,400,0.000029
22,0,1,100,400,0.000029
23,6,7,100,400,0.000031
23,0,1,100,400,0.000028
24,0,1,100,400,0.000030
24,6,7,100,400,0.000030
25,6,7,100,400,0.000030
25,0,1,100,400,0.000039
26,0,1,100,400,0.000045
26,6,7,100,400,0.000031
27,6,7,100,400,0.000039
27,0,1,100,400,0.000031
28,6,7,100,400,0.000028
28,0,1,100,400,0.000030
29,0,1,100,400,0.000030
29,6,7,100,400,0.000031
30,6,7,100,400,0.000030
30,0,1,100,400,0.000052
31,6,7,100,400,0.000030
31,0,1,100,400,0.000037
32,0,1,100,400,0.000044
32,6,7,100,400,0.000029
33,6,7,100,400,0.000029
33,0,1,100,400,0.000029
34,6,7,100,400,0.000051
34,0,1,100,400,0.000031
35,6,7,100,400,0.000033
35,0,1,100,400,0.000030
36,6,7,100,400,0.000040
36,0,1,100,400,0.000030
37,6,7,100,400,0.000030
37,0,1,100,400,0.000030
38,6,7,100,400,0.000028
38,0,1,100,400,0.000030
39,6,7,100,400,0.000029
39,0,1,100,400,0.000029
40,6,7,100,400,0.000060
40,0,1,100,400,0.000036
41,0,1,100,400,0.000030
41,6,7,100,400,0.000029
42,6,7,100,400,0.000029
42,0,1,100,400,0.000030
43,6,7,100,400,0.000029
43,0,1,100,400,0.000029
44,6,7,100,400,0.000039
44,0,1,100,400,0.000031
45,6,7,100,400,0.000038
45,0,1,100,400,0.000032
46,6,7,100,400,0.000029
46,0,1,100,400,0.000030
47,6,7,100,400,0.000035
47,0,1,100,400,0.000044
48,0,1,100,400,0.000032
48,6,7,100,400,0.000029
49,6,7,100,400,0.000040
49,0,1,100,400,0.000051
50,6,7,100,400,0.000028
50,0,1,100,400,0.000030
51,6,7,100,400,0.000029
51,0,1,100,400,0.000030
52,6,7,100,400,0.000029
52,0,1,100,400,0.000030
53,6,7,100,400,0.000038
53,0,1,100,400,0.000038
54,6,7,100,400,0.000055
54,0,1,100,400,0.000029
55,6,7,100,400,0.000031
55,0,1,100,400,0.000031
56,0,1,100,400,0.000028
56,6,7,100,400,0.000031
57,6,7,100,400,0.000030
57,0,1,100,400,0.000040
58,6,7,100,400,0.000030
58,0,1,100,400,0.000029
59,6,7,100,400,0.000030
59,0,1,100,400,0.000031
60,6,7,100,400,0.000044
60,0,1,100,400,0.000054
61,6,7,100,400,0.000029
61,0,1,100,400,0.000040
62,6,7,100,400,0.000039
62,0,1,100,400,0.000039
63,0,1,100,400,0.000030
63,6,7,100,400,0.000040
64,0,1,100,400,0.000030
64,6,7,100,400,0.000031
65,6,7,100,400,0.000030
65,0,1,100,400,0.000030
66,0,1,100,400,0.000035
66,6,7,100,400,0.000031
67,6,7,100,400,0.000036
67,0,1,100,400,0.000034
68,0,1,100,400,0.000051
68,6,7,100,400,0.000030
69,6,7,100,400,0.000029
69,0,1,100,400,0.000031
70,6,7,100,400,0.000030
70,0,1,100,400,0.000029
71,6,7,100,400,0.000030
71,0,1,100,400,0.000030
72,6,7,100,400,0.000028
72,0,1,100,400,0.000030
73,0,1,100,400,0.000045
73,6,7,100,400,0.000030
74,6,7,100,400,0.000043
74,0,1,100,400,0.000031
75,6,7,100,400,0.000030
75,0,1,100,400,0.000030
76,0,1,100,400,0.000029
76,6,7,100,400,0.000031
77,0,1,100,400,0.000031
77,6,7,100,400,0.000029
78,6,7,100,400,0.000030
78,0,1,100,400,0.000031
79,6,7,100,400,0.000029
79,0,1,100,400,0.000031
80,6,7,100,400,0.000030
80,0,1,100,400,0.000029
81,6,7,100,400,0.000037
81,0,1,100,400,0.000034
82,6,7,100,400,0.000030
82,0,1,100,400,0.000031
83,6,7,100,400,0.000030
83,0,1,100,400,0.000048
84,6,7,100,400,0.000031
84,0,1,100,400,0.000031
85,6,7,100,400,0.000030
85,0,1,100,400,0.000030
86,6,7,100,400,0.000031
86,0,1,100,400,0.000031
87,6,7,100,400,0.000031
87,0,1,100,400,0.000039
88,6,7,100,400,0.000033
88,0,1,100,400,0.000031
89,6,7,100,400,0.000039
89,0,1,100,400,0.000030
90,0,1,100,400,0.000031
90,6,7,100,400,0.000028
91,6,7,100,400,0.000030
91,0,1,100,400,0.000039
92,6,7,100,400,0.000029
92,0,1,100,400,0.000040
93,6,7,100,400,0.000029
93,0,1,100,400,0.000032
94,6,7,100,400,0.000029
94,0,1,100,400,0.000037
95,0,1,100,400,0.000050
95,6,7,100,400,0.000030
96,6,7,100,400,0.000036
96,0,1,100,400,0.000029
97,6,7,100,400,0.000026
97,0,1,100,400,0.000030
98,0,1,100,400,0.000049
98,6,7,100,400,0.000029
99,6,7,100,400,0.000028
99,0,1,100,400,0.000031
1,2,3,100,4000,0.000466
1,6,7,100,4000,0.000477
1,0,1,100,4000,0.000461
2,2,3,100,4000,0.000062
1,4,5,100,4000,0.000481
3,2,3,100,4000,0.000062
2,6,7,100,4000,0.000063
4,2,3,100,4000,0.000061
3,6,7,100,4000,0.000061
2,0,1,100,4000,0.000255
4,6,7,100,4000,0.000061
5,2,3,100,4000,0.000061
2,4,5,100,4000,0.000250
5,6,7,100,4000,0.000061
6,2,3,100,4000,0.000062
7,2,3,100,4000,0.000061
6,6,7,100,4000,0.000061
7,6,7,100,4000,0.000065
3,0,1,100,4000,0.000177
8,2,3,100,4000,0.000061
3,4,5,100,4000,0.000136
9,2,3,100,4000,0.000061
8,6,7,100,4000,0.000061
4,0,1,100,4000,0.000139
9,6,7,100,4000,0.000061
10,2,3,100,4000,0.000061
4,4,5,100,4000,0.000175
11,2,3,100,4000,0.000061
10,6,7,100,4000,0.000061
12,2,3,100,4000,0.000065
11,6,7,100,4000,0.000061
5,0,1,100,4000,0.000149
12,6,7,100,4000,0.000061
13,2,3,100,4000,0.000062
5,4,5,100,4000,0.000148
14,2,3,100,4000,0.000061
13,6,7,100,4000,0.000061
6,0,1,100,4000,0.000175
14,6,7,100,4000,0.000061
15,2,3,100,4000,0.000061
6,4,5,100,4000,0.000161
16,2,3,100,4000,0.000069
15,6,7,100,4000,0.000061
7,0,1,100,4000,0.000133
16,6,7,100,4000,0.000070
17,2,3,100,4000,0.000063
7,4,5,100,4000,0.000152
18,2,3,100,4000,0.000061
17,6,7,100,4000,0.000062
19,2,3,100,4000,0.000061
18,6,7,100,4000,0.000061
8,0,1,100,4000,0.000142
8,4,5,100,4000,0.000131
20,2,3,100,4000,0.000061
19,6,7,100,4000,0.000061
21,2,3,100,4000,0.000061
20,6,7,100,4000,0.000061
9,0,1,100,4000,0.000164
21,6,7,100,4000,0.000061
22,2,3,100,4000,0.000061
9,4,5,100,4000,0.000189
23,2,3,100,4000,0.000061
22,6,7,100,4000,0.000063
10,0,1,100,4000,0.000144
23,6,7,100,4000,0.000061
24,2,3,100,4000,0.000061
24,6,7,100,4000,0.000061
25,2,3,100,4000,0.000061
10,4,5,100,4000,0.000188
26,2,3,100,4000,0.000061
25,6,7,100,4000,0.000061
26,6,7,100,4000,0.000060
11,0,1,100,4000,0.000191
27,2,3,100,4000,0.000064
11,4,5,100,4000,0.000133
28,2,3,100,4000,0.000061
27,6,7,100,4000,0.000062
12,0,1,100,4000,0.000132
28,6,7,100,4000,0.000061
29,2,3,100,4000,0.000061
29,6,7,100,4000,0.000061
30,2,3,100,4000,0.000061
12,4,5,100,4000,0.000176
31,2,3,100,4000,0.000061
30,6,7,100,4000,0.000061
13,0,1,100,4000,0.000175
31,6,7,100,4000,0.000061
32,2,3,100,4000,0.000061
32,6,7,100,4000,0.000061
33,2,3,100,4000,0.000062
13,4,5,100,4000,0.000192
14,0,1,100,4000,0.000152
33,6,7,100,4000,0.000061
34,2,3,100,4000,0.000061
34,6,7,100,4000,0.000060
35,2,3,100,4000,0.000061
35,6,7,100,4000,0.000061
36,2,3,100,4000,0.000061
14,4,5,100,4000,0.000133
15,0,1,100,4000,0.000133
36,6,7,100,4000,0.000061
37,2,3,100,4000,0.000061
37,6,7,100,4000,0.000061
15,4,5,100,4000,0.000181
38,2,3,100,4000,0.000061
16,0,1,100,4000,0.000184
38,6,7,100,4000,0.000061
39,2,3,100,4000,0.000061
39,6,7,100,4000,0.000061
40,2,3,100,4000,0.000061
40,6,7,100,4000,0.000061
41,2,3,100,4000,0.000061
16,4,5,100,4000,0.000186
42,2,3,100,4000,0.000066
41,6,7,100,4000,0.000061
17,0,1,100,4000,0.000205
42,6,7,100,4000,0.000061
43,2,3,100,4000,0.000061
43,6,7,100,4000,0.000061
44,2,3,100,4000,0.000061
17,4,5,100,4000,0.000194
18,0,1,100,4000,0.000131
44,6,7,100,4000,0.000061
45,2,3,100,4000,0.000061
45,6,7,100,4000,0.000061
18,4,5,100,4000,0.000132
46,2,3,100,4000,0.000061
19,0,1,100,4000,0.000176
46,6,7,100,4000,0.000061
47,2,3,100,4000,0.000061
47,6,7,100,4000,0.000061
48,2,3,100,4000,0.000061
48,6,7,100,4000,0.000061
49,2,3,100,4000,0.000061
19,4,5,100,4000,0.000143
20,0,1,100,4000,0.000172
49,6,7,100,4000,0.000061
50,2,3,100,4000,0.000061
50,6,7,100,4000,0.000061
51,2,3,100,4000,0.000061
20,4,5,100,4000,0.000160
51,6,7,100,4000,0.000061
21,0,1,100,4000,0.000143
52,2,3,100,4000,0.000061
52,6,7,100,4000,0.000061
53,2,3,100,4000,0.000061
21,4,5,100,4000,0.000148
54,2,3,100,4000,0.000061
53,6,7,100,4000,0.000063
22,0,1,100,4000,0.000143
54,6,7,100,4000,0.000061
55,2,3,100,4000,0.000061
55,6,7,100,4000,0.000061
56,2,3,100,4000,0.000061
22,4,5,100,4000,0.000183
23,0,1,100,4000,0.000186
56,6,7,100,4000,0.000061
57,2,3,100,4000,0.000066
57,6,7,100,4000,0.000061
58,2,3,100,4000,0.000061
23,4,5,100,4000,0.000132
24,0,1,100,4000,0.000133
58,6,7,100,4000,0.000061
59,2,3,100,4000,0.000062
59,6,7,100,4000,0.000061
60,2,3,100,4000,0.000061
60,6,7,100,4000,0.000060
61,2,3,100,4000,0.000061
24,4,5,100,4000,0.000173
61,6,7,100,4000,0.000061
25,0,1,100,4000,0.000177
62,2,3,100,4000,0.000061
62,6,7,100,4000,0.000061
63,2,3,100,4000,0.000061
63,6,7,100,4000,0.000061
26,0,1,100,4000,0.000136
25,4,5,100,4000,0.000149
64,2,3,100,4000,0.000061
64,6,7,100,4000,0.000061
65,2,3,100,4000,0.000061
65,6,7,100,4000,0.000061
26,4,5,100,4000,0.000131
66,2,3,100,4000,0.000061
27,0,1,100,4000,0.000176
66,6,7,100,4000,0.000060
67,2,3,100,4000,0.000061
67,6,7,100,4000,0.000061
68,2,3,100,4000,0.000061
68,6,7,100,4000,0.000066
27,4,5,100,4000,0.000187
69,2,3,100,4000,0.000061
28,0,1,100,4000,0.000187
69,6,7,100,4000,0.000061
70,2,3,100,4000,0.000061
70,6,7,100,4000,0.000061
71,2,3,100,4000,0.000061
28,4,5,100,4000,0.000135
72,2,3,100,4000,0.000066
71,6,7,100,4000,0.000061
29,0,1,100,4000,0.000144
72,6,7,100,4000,0.000061
73,2,3,100,4000,0.000061
29,4,5,100,4000,0.000173
74,2,3,100,4000,0.000061
73,6,7,100,4000,0.000061
30,0,1,100,4000,0.000190
74,6,7,100,4000,0.000061
75,2,3,100,4000,0.000061
75,6,7,100,4000,0.000060
76,2,3,100,4000,0.000061
30,4,5,100,4000,0.000188
31,0,1,100,4000,0.000148
76,6,7,100,4000,0.000061
77,2,3,100,4000,0.000061
77,6,7,100,4000,0.000061
78,2,3,100,4000,0.000061
31,4,5,100,4000,0.000134
79,2,3,100,4000,0.000061
78,6,7,100,4000,0.000061
32,0,1,100,4000,0.000162
79,6,7,100,4000,0.000061
80,2,3,100,4000,0.000061
80,6,7,100,4000,0.000060
81,2,3,100,4000,0.000061
32,4,5,100,4000,0.000186
81,6,7,100,4000,0.000061
33,0,1,100,4000,0.000145
82,2,3,100,4000,0.000061
82,6,7,100,4000,0.000060
83,2,3,100,4000,0.000061
83,6,7,100,4000,0.000061
84,2,3,100,4000,0.000061
33,4,5,100,4000,0.000144
34,0,1,100,4000,0.000141
84,6,7,100,4000,0.000061
85,2,3,100,4000,0.000061
85,6,7,100,4000,0.000061
86,2,3,100,4000,0.000061
34,4,5,100,4000,0.000161
86,6,7,100,4000,0.000061
35,0,1,100,4000,0.000163
87,2,3,100,4000,0.000062
87,6,7,100,4000,0.000060
88,2,3,100,4000,0.000061
35,4,5,100,4000,0.000145
89,2,3,100,4000,0.000061
88,6,7,100,4000,0.000061
36,0,1,100,4000,0.000196
89,6,7,100,4000,0.000061
90,6,7,100,4000,0.000061
90,2,3,100,4000,0.000061
91,2,3,100,4000,0.000061
36,4,5,100,4000,0.000192
37,0,1,100,4000,0.000154
91,6,7,100,4000,0.000061
92,6,7,100,4000,0.000061
92,2,3,100,4000,0.000061
93,2,3,100,4000,0.000061
37,4,5,100,4000,0.000132
94,2,3,100,4000,0.000061
93,6,7,100,4000,0.000061
38,0,1,100,4000,0.000161
94,6,7,100,4000,0.000061
95,2,3,100,4000,0.000061
95,6,7,100,4000,0.000061
96,2,3,100,4000,0.000061
38,4,5,100,4000,0.000175
39,0,1,100,4000,0.000154
96,6,7,100,4000,0.000061
97,2,3,100,4000,0.000061
97,6,7,100,4000,0.000060
98,2,3,100,4000,0.000061
98,6,7,100,4000,0.000061
99,2,3,100,4000,0.000061
39,4,5,100,4000,0.000143
40,0,1,100,4000,0.000173
99,6,7,100,4000,0.000062
41,0,1,100,4000,0.000064
40,4,5,100,4000,0.000134
42,0,1,100,4000,0.000071
41,4,5,100,4000,0.000062
43,0,1,100,4000,0.000099
42,4,5,100,4000,0.000093
44,0,1,100,4000,0.000079
43,4,5,100,4000,0.000060
45,0,1,100,4000,0.000072
44,4,5,100,4000,0.000078
46,0,1,100,4000,0.000095
45,4,5,100,4000,0.000060
47,0,1,100,4000,0.000060
46,4,5,100,4000,0.000062
48,0,1,100,4000,0.000083
47,4,5,100,4000,0.000069
49,0,1,100,4000,0.000068
48,4,5,100,4000,0.000059
50,0,1,100,4000,0.000080
49,4,5,100,4000,0.000087
51,0,1,100,4000,0.000059
50,4,5,100,4000,0.000059
52,0,1,100,4000,0.000069
51,4,5,100,4000,0.000070
53,0,1,100,4000,0.000073
52,4,5,100,4000,0.000073
54,0,1,100,4000,0.000059
53,4,5,100,4000,0.000071
55,0,1,100,4000,0.000083
54,4,5,100,4000,0.000070
56,0,1,100,4000,0.000066
55,4,5,100,4000,0.000061
57,0,1,100,4000,0.000080
56,4,5,100,4000,0.000077
58,0,1,100,4000,0.000059
57,4,5,100,4000,0.000062
59,0,1,100,4000,0.000077
58,4,5,100,4000,0.000060
60,0,1,100,4000,0.000070
59,4,5,100,4000,0.000062
60,4,5,100,4000,0.000062
61,0,1,100,4000,0.000060
62,0,1,100,4000,0.000079
61,4,5,100,4000,0.000062
63,0,1,100,4000,0.000069
62,4,5,100,4000,0.000061
63,4,5,100,4000,0.000070
64,0,1,100,4000,0.000079
65,0,1,100,4000,0.000060
64,4,5,100,4000,0.000061
66,0,1,100,4000,0.000078
65,4,5,100,4000,0.000061
67,0,1,100,4000,0.000060
66,4,5,100,4000,0.000060
68,0,1,100,4000,0.000059
67,4,5,100,4000,0.000073
69,0,1,100,4000,0.000092
68,4,5,100,4000,0.000061
70,0,1,100,4000,0.000090
69,4,5,100,4000,0.000061
71,0,1,100,4000,0.000070
70,4,5,100,4000,0.000059
72,0,1,100,4000,0.000059
71,4,5,100,4000,0.000080
73,0,1,100,4000,0.000086
72,4,5,100,4000,0.000069
73,4,5,100,4000,0.000059
74,0,1,100,4000,0.000059
75,0,1,100,4000,0.000071
74,4,5,100,4000,0.000086
76,0,1,100,4000,0.000100
75,4,5,100,4000,0.000059
77,0,1,100,4000,0.000062
76,4,5,100,4000,0.000069
78,0,1,100,4000,0.000061
77,4,5,100,4000,0.000068
79,0,1,100,4000,0.000078
78,4,5,100,4000,0.000068
80,0,1,100,4000,0.000062
79,4,5,100,4000,0.000069
81,0,1,100,4000,0.000062
80,4,5,100,4000,0.000059
82,0,1,100,4000,0.000061
81,4,5,100,4000,0.000088
83,0,1,100,4000,0.000067
82,4,5,100,4000,0.000058
84,0,1,100,4000,0.000061
83,4,5,100,4000,0.000079
85,0,1,100,4000,0.000061
84,4,5,100,4000,0.000076
86,0,1,100,4000,0.000079
85,4,5,100,4000,0.000069
87,0,1,100,4000,0.000062
86,4,5,100,4000,0.000059
87,4,5,100,4000,0.000059
88,0,1,100,4000,0.000061
89,0,1,100,4000,0.000062
88,4,5,100,4000,0.000085
90,0,1,100,4000,0.000069
89,4,5,100,4000,0.000090
91,0,1,100,4000,0.000062
90,4,5,100,4000,0.000069
92,0,1,100,4000,0.000061
91,4,5,100,4000,0.000066
92,4,5,100,4000,0.000079
93,0,1,100,4000,0.000062
94,0,1,100,4000,0.000067
93,4,5,100,4000,0.000059
95,0,1,100,4000,0.000061
94,4,5,100,4000,0.000090
96,0,1,100,4000,0.000064
95,4,5,100,4000,0.000089
97,0,1,100,4000,0.000070
96,4,5,100,4000,0.000061
98,0,1,100,4000,0.000061
97,4,5,100,4000,0.000070
98,4,5,100,4000,0.000061
99,0,1,100,4000,0.000062
99,4,5,100,4000,0.000062
1,4,5,100,40000,0.000745
1,6,7,100,40000,0.000811
1,2,3,100,40000,0.000754
1,0,1,100,40000,0.000714
2,4,5,100,40000,0.000641
2,6,7,100,40000,0.000708
2,2,3,100,40000,0.000641
2,0,1,100,40000,0.000645
3,4,5,100,40000,0.000635
3,2,3,100,40000,0.000646
3,0,1,100,40000,0.000655
3,6,7,100,40000,0.000724
4,4,5,100,40000,0.000641
4,2,3,100,40000,0.000637
4,0,1,100,40000,0.000677
4,6,7,100,40000,0.000708
5,4,5,100,40000,0.000640
5,2,3,100,40000,0.000637
5,0,1,100,40000,0.000657
5,6,7,100,40000,0.000696
6,4,5,100,40000,0.000639
6,2,3,100,40000,0.000636
6,0,1,100,40000,0.000665
7,4,5,100,40000,0.000641
7,2,3,100,40000,0.000634
6,6,7,100,40000,0.000753
8,4,5,100,40000,0.000631
7,0,1,100,40000,0.000667
7,6,7,100,40000,0.000708
8,2,3,100,40000,0.000638
8,0,1,100,40000,0.000651
9,4,5,100,40000,0.000639
9,2,3,100,40000,0.000638
8,6,7,100,40000,0.000706
10,4,5,100,40000,0.000644
9,0,1,100,40000,0.000642
10,2,3,100,40000,0.000631
9,6,7,100,40000,0.000697
11,4,5,100,40000,0.000640
10,0,1,100,40000,0.000659
11,2,3,100,40000,0.000639
10,6,7,100,40000,0.000700
12,4,5,100,40000,0.000640
12,2,3,100,40000,0.000639
11,0,1,100,40000,0.000651
11,6,7,100,40000,0.000686
13,4,5,100,40000,0.000639
13,2,3,100,40000,0.000634
12,0,1,100,40000,0.000648
14,4,5,100,40000,0.000635
12,6,7,100,40000,0.000725
14,2,3,100,40000,0.000634
13,0,1,100,40000,0.000653
15,4,5,100,40000,0.000642
13,6,7,100,40000,0.000696
15,2,3,100,40000,0.000633
14,0,1,100,40000,0.000658
16,4,5,100,40000,0.000633
16,2,3,100,40000,0.000633
14,6,7,100,40000,0.000711
15,0,1,100,40000,0.000664
17,4,5,100,40000,0.000642
17,2,3,100,40000,0.000634
16,0,1,100,40000,0.000648
15,6,7,100,40000,0.000710
18,4,5,100,40000,0.000637
18,2,3,100,40000,0.000670
17,0,1,100,40000,0.000676
16,6,7,100,40000,0.000695
19,4,5,100,40000,0.000640
19,2,3,100,40000,0.000633
18,0,1,100,40000,0.000657
20,2,3,100,40000,0.000638
17,6,7,100,40000,0.000694
20,4,5,100,40000,0.000638
19,0,1,100,40000,0.000641
21,4,5,100,40000,0.000638
18,6,7,100,40000,0.000705
21,2,3,100,40000,0.000638
22,4,5,100,40000,0.000638
19,6,7,100,40000,0.000709
20,0,1,100,40000,0.000670
22,2,3,100,40000,0.000639
23,4,5,100,40000,0.000635
21,0,1,100,40000,0.000648
23,2,3,100,40000,0.000637
20,6,7,100,40000,0.000716
24,4,5,100,40000,0.000641
24,2,3,100,40000,0.000631
22,0,1,100,40000,0.000654
21,6,7,100,40000,0.000707
25,4,5,100,40000,0.000637
25,2,3,100,40000,0.000636
23,0,1,100,40000,0.000650
22,6,7,100,40000,0.000699
26,4,5,100,40000,0.000641
26,2,3,100,40000,0.000635
24,0,1,100,40000,0.000657
27,4,5,100,40000,0.000638
23,6,7,100,40000,0.000752
27,2,3,100,40000,0.000635
25,0,1,100,40000,0.000658
28,2,3,100,40000,0.000635
28,4,5,100,40000,0.000635
24,6,7,100,40000,0.000704
26,0,1,100,40000,0.000635
29,4,5,100,40000,0.000638
29,2,3,100,40000,0.000637
25,6,7,100,40000,0.000704
27,0,1,100,40000,0.000670
30,4,5,100,40000,0.000636
30,2,3,100,40000,0.000631
26,6,7,100,40000,0.000706
31,4,5,100,40000,0.000635
28,0,1,100,40000,0.000661
31,2,3,100,40000,0.000634
29,0,1,100,40000,0.000654
27,6,7,100,40000,0.000693
32,4,5,100,40000,0.000641
32,2,3,100,40000,0.000635
28,6,7,100,40000,0.000692
33,4,5,100,40000,0.000641
30,0,1,100,40000,0.000667
33,2,3,100,40000,0.000637
34,4,5,100,40000,0.000636
29,6,7,100,40000,0.000704
34,2,3,100,40000,0.000635
31,0,1,100,40000,0.000654
35,4,5,100,40000,0.000638
30,6,7,100,40000,0.000712
35,2,3,100,40000,0.000633
32,0,1,100,40000,0.000650
36,4,5,100,40000,0.000636
36,2,3,100,40000,0.000641
33,0,1,100,40000,0.000649
31,6,7,100,40000,0.000718
37,4,5,100,40000,0.000639
37,2,3,100,40000,0.000637
34,0,1,100,40000,0.000654
32,6,7,100,40000,0.000717
38,4,5,100,40000,0.000636
38,2,3,100,40000,0.000631
35,0,1,100,40000,0.000655
33,6,7,100,40000,0.000693
39,4,5,100,40000,0.000633
39,2,3,100,40000,0.000639
36,0,1,100,40000,0.000652
40,4,5,100,40000,0.000642
34,6,7,100,40000,0.000732
40,2,3,100,40000,0.000637
37,0,1,100,40000,0.000682
41,2,3,100,40000,0.000632
41,4,5,100,40000,0.000641
35,6,7,100,40000,0.000705
38,0,1,100,40000,0.000659
42,2,3,100,40000,0.000638
42,4,5,100,40000,0.000636
36,6,7,100,40000,0.000705
39,0,1,100,40000,0.000646
43,4,5,100,40000,0.000640
43,2,3,100,40000,0.000635
37,6,7,100,40000,0.000700
44,4,5,100,40000,0.000639
40,0,1,100,40000,0.000659
44,2,3,100,40000,0.000629
38,6,7,100,40000,0.000699
45,4,5,100,40000,0.000637
45,2,3,100,40000,0.000634
41,0,1,100,40000,0.000655
39,6,7,100,40000,0.000693
46,4,5,100,40000,0.000637
46,2,3,100,40000,0.000639
42,0,1,100,40000,0.000656
47,4,5,100,40000,0.000639
40,6,7,100,40000,0.000705
47,2,3,100,40000,0.000636
43,0,1,100,40000,0.000648
48,4,5,100,40000,0.000634
41,6,7,100,40000,0.000701
48,2,3,100,40000,0.000640
44,0,1,100,40000,0.000653
49,4,5,100,40000,0.000643
49,2,3,100,40000,0.000638
42,6,7,100,40000,0.000712
45,0,1,100,40000,0.000654
50,4,5,100,40000,0.000637
50,2,3,100,40000,0.000632
46,0,1,100,40000,0.000647
43,6,7,100,40000,0.000720
51,4,5,100,40000,0.000638
51,2,3,100,40000,0.000633
47,0,1,100,40000,0.000668
52,2,3,100,40000,0.000632
44,6,7,100,40000,0.000689
52,4,5,100,40000,0.000635
48,0,1,100,40000,0.000648
53,2,3,100,40000,0.000640
45,6,7,100,40000,0.000691
53,4,5,100,40000,0.000634
49,0,1,100,40000,0.000644
54,2,3,100,40000,0.000636
54,4,5,100,40000,0.000642
46,6,7,100,40000,0.000707
50,0,1,100,40000,0.000642
55,4,5,100,40000,0.000632
55,2,3,100,40000,0.000631
47,6,7,100,40000,0.000709
56,4,5,100,40000,0.000637
56,2,3,100,40000,0.000635
51,0,1,100,40000,0.000684
48,6,7,100,40000,0.000700
57,4,5,100,40000,0.000640
57,2,3,100,40000,0.000636
52,0,1,100,40000,0.000656
49,6,7,100,40000,0.000720
58,4,5,100,40000,0.000635
58,2,3,100,40000,0.000631
53,0,1,100,40000,0.000654
50,6,7,100,40000,0.000706
59,4,5,100,40000,0.000641
59,2,3,100,40000,0.000634
54,0,1,100,40000,0.000657
60,4,5,100,40000,0.000641
51,6,7,100,40000,0.000728
60,2,3,100,40000,0.000633
55,0,1,100,40000,0.000666
61,2,3,100,40000,0.000640
61,4,5,100,40000,0.000635
52,6,7,100,40000,0.000699
56,0,1,100,40000,0.000645
62,4,5,100,40000,0.000638
62,2,3,100,40000,0.000636
57,0,1,100,40000,0.000661
53,6,7,100,40000,0.000713
63,4,5,100,40000,0.000639
63,2,3,100,40000,0.000633
54,6,7,100,40000,0.000704
64,4,5,100,40000,0.000634
58,0,1,100,40000,0.000659
64,2,3,100,40000,0.000635
59,0,1,100,40000,0.000638
55,6,7,100,40000,0.000699
65,4,5,100,40000,0.000637
65,2,3,100,40000,0.000632
56,6,7,100,40000,0.000695
60,0,1,100,40000,0.000659
66,4,5,100,40000,0.000638
66,2,3,100,40000,0.000630
67,4,5,100,40000,0.000636
67,2,3,100,40000,0.000636
57,6,7,100,40000,0.000696
61,0,1,100,40000,0.000612
68,4,5,100,40000,0.000641
58,6,7,100,40000,0.000706
68,2,3,100,40000,0.000633
62,0,1,100,40000,0.000654
69,4,5,100,40000,0.000632
69,2,3,100,40000,0.000628
63,0,1,100,40000,0.000647
59,6,7,100,40000,0.000709
70,4,5,100,40000,0.000637
70,2,3,100,40000,0.000632
64,0,1,100,40000,0.000653
60,6,7,100,40000,0.000714
71,4,5,100,40000,0.000642
71,2,3,100,40000,0.000628
65,0,1,100,40000,0.000679
72,2,3,100,40000,0.000636
61,6,7,100,40000,0.000692
72,4,5,100,40000,0.000636
66,0,1,100,40000,0.000651
62,6,7,100,40000,0.000694
73,2,3,100,40000,0.000643
73,4,5,100,40000,0.000639
67,0,1,100,40000,0.000669
74,2,3,100,40000,0.000633
74,4,5,100,40000,0.000641
63,6,7,100,40000,0.000710
68,0,1,100,40000,0.000656
75,2,3,100,40000,0.000633
75,4,5,100,40000,0.000636
64,6,7,100,40000,0.000709
69,0,1,100,40000,0.000646
76,2,3,100,40000,0.000636
76,4,5,100,40000,0.000644
65,6,7,100,40000,0.000705
70,0,1,100,40000,0.000632
77,4,5,100,40000,0.000639
77,2,3,100,40000,0.000635
66,6,7,100,40000,0.000721
78,4,5,100,40000,0.000637
78,2,3,100,40000,0.000632
71,0,1,100,40000,0.000660
79,2,3,100,40000,0.000630
72,0,1,100,40000,0.000645
67,6,7,100,40000,0.000695
79,4,5,100,40000,0.000641
80,2,3,100,40000,0.000632
80,4,5,100,40000,0.000635
68,6,7,100,40000,0.000733
73,0,1,100,40000,0.000667
81,2,3,100,40000,0.000637
74,0,1,100,40000,0.000649
81,4,5,100,40000,0.000637
69,6,7,100,40000,0.000700
82,2,3,100,40000,0.000634
82,4,5,100,40000,0.000640
75,0,1,100,40000,0.000660
70,6,7,100,40000,0.000705
83,2,3,100,40000,0.000636
83,4,5,100,40000,0.000639
76,0,1,100,40000,0.000648
71,6,7,100,40000,0.000706
84,4,5,100,40000,0.000641
84,2,3,100,40000,0.000633
77,0,1,100,40000,0.000666
85,2,3,100,40000,0.000630
72,6,7,100,40000,0.000695
85,4,5,100,40000,0.000638
78,0,1,100,40000,0.000655
86,2,3,100,40000,0.000633
73,6,7,100,40000,0.000695
86,4,5,100,40000,0.000635
79,0,1,100,40000,0.000643
87,2,3,100,40000,0.000632
87,4,5,100,40000,0.000642
74,6,7,100,40000,0.000705
80,0,1,100,40000,0.000662
88,2,3,100,40000,0.000633
88,4,5,100,40000,0.000640
75,6,7,100,40000,0.000701
89,2,3,100,40000,0.000633
81,0,1,100,40000,0.000653
89,4,5,100,40000,0.000634
76,6,7,100,40000,0.000710
90,4,5,100,40000,0.000638
90,2,3,100,40000,0.000628
82,0,1,100,40000,0.000658
77,6,7,100,40000,0.000726
91,4,5,100,40000,0.000639
91,2,3,100,40000,0.000629
83,0,1,100,40000,0.000655
92,2,3,100,40000,0.000634
78,6,7,100,40000,0.000697
92,4,5,100,40000,0.000634
84,0,1,100,40000,0.000654
93,2,3,100,40000,0.000631
85,0,1,100,40000,0.000648
93,4,5,100,40000,0.000641
79,6,7,100,40000,0.000688
94,2,3,100,40000,0.000630
94,4,5,100,40000,0.000633
80,6,7,100,40000,0.000698
86,0,1,100,40000,0.000663
95,2,3,100,40000,0.000634
95,4,5,100,40000,0.000636
81,6,7,100,40000,0.000707
87,0,1,100,40000,0.000643
96,2,3,100,40000,0.000631
96,4,5,100,40000,0.000639
82,6,7,100,40000,0.000699
88,0,1,100,40000,0.000640
97,2,3,100,40000,0.000634
97,4,5,100,40000,0.000635
89,0,1,100,40000,0.000644
98,2,3,100,40000,0.000634
83,6,7,100,40000,0.000720
98,4,5,100,40000,0.000639
90,0,1,100,40000,0.000635
99,2,3,100,40000,0.000632
84,6,7,100,40000,0.000696
99,4,5,100,40000,0.000636
91,0,1,100,40000,0.000703
85,6,7,100,40000,0.000707
92,0,1,100,40000,0.000696
86,6,7,100,40000,0.000639
93,0,1,100,40000,0.000692
87,6,7,100,40000,0.000704
88,6,7,100,40000,0.000679
94,0,1,100,40000,0.000694
95,0,1,100,40000,0.000630
89,6,7,100,40000,0.000663
96,0,1,100,40000,0.000637
90,6,7,100,40000,0.000662
97,0,1,100,40000,0.000658
91,6,7,100,40000,0.000660
98,0,1,100,40000,0.000618
92,6,7,100,40000,0.000658
99,0,1,100,40000,0.000603
93,6,7,100,40000,0.000663
94,6,7,100,40000,0.000653
95,6,7,100,40000,0.000659
96,6,7,100,40000,0.000658
97,6,7,100,40000,0.000653
98,6,7,100,40000,0.000654
99,6,7,100,40000,0.000659
1,4,5,100,400000,0.003931
1,6,7,100,400000,0.004061
1,2,3,100,400000,0.003928
1,0,1,100,400000,0.003998
2,4,5,100,400000,0.003711
2,2,3,100,400000,0.003701
2,0,1,100,400000,0.003784
2,6,7,100,400000,0.003848
3,4,5,100,400000,0.003703
3,2,3,100,400000,0.003709
3,6,7,100,400000,0.003819
3,0,1,100,400000,0.003778
4,2,3,100,400000,0.003705
4,4,5,100,400000,0.003710
4,0,1,100,400000,0.003770
4,6,7,100,400000,0.003824
5,4,5,100,400000,0.003700
5,2,3,100,400000,0.003703
5,6,7,100,400000,0.003814
5,0,1,100,400000,0.003778
6,4,5,100,400000,0.003698
6,2,3,100,400000,0.003705
6,0,1,100,400000,0.003780
6,6,7,100,400000,0.003830
7,4,5,100,400000,0.003704
7,2,3,100,400000,0.003706
7,0,1,100,400000,0.003774
7,6,7,100,400000,0.003817
8,4,5,100,400000,0.003699
8,2,3,100,400000,0.003707
8,0,1,100,400000,0.003788
8,6,7,100,400000,0.003816
9,4,5,100,400000,0.003697
9,2,3,100,400000,0.003703
9,0,1,100,400000,0.003777
9,6,7,100,400000,0.003817
10,4,5,100,400000,0.003698
10,2,3,100,400000,0.003703
10,0,1,100,400000,0.003778
10,6,7,100,400000,0.003821
11,4,5,100,400000,0.003702
11,2,3,100,400000,0.003700
11,0,1,100,400000,0.003767
11,6,7,100,400000,0.003819
12,4,5,100,400000,0.003700
12,2,3,100,400000,0.003708
12,0,1,100,400000,0.003774
12,6,7,100,400000,0.003823
13,4,5,100,400000,0.003699
13,2,3,100,400000,0.003701
13,0,1,100,400000,0.003778
13,6,7,100,400000,0.003822
14,4,5,100,400000,0.003700
14,2,3,100,400000,0.003701
14,0,1,100,400000,0.003789
14,6,7,100,400000,0.003841
15,4,5,100,400000,0.003700
15,2,3,100,400000,0.003701
15,0,1,100,400000,0.003779
15,6,7,100,400000,0.003817
16,4,5,100,400000,0.003699
16,2,3,100,400000,0.003705
16,0,1,100,400000,0.003772
16,6,7,100,400000,0.003821
17,4,5,100,400000,0.003700
17,2,3,100,400000,0.003702
17,0,1,100,400000,0.003771
17,6,7,100,400000,0.003821
18,4,5,100,400000,0.003697
18,2,3,100,400000,0.003709
18,0,1,100,400000,0.003778
18,6,7,100,400000,0.003816
19,4,5,100,400000,0.003702
19,2,3,100,400000,0.003701
19,0,1,100,400000,0.003773
19,6,7,100,400000,0.003808
20,4,5,100,400000,0.003699
20,2,3,100,400000,0.003704
20,0,1,100,400000,0.003778
20,6,7,100,400000,0.003812
21,4,5,100,400000,0.003697
21,2,3,100,400000,0.003706
21,0,1,100,400000,0.003781
21,6,7,100,400000,0.003806
22,4,5,100,400000,0.003700
22,2,3,100,400000,0.003697
22,0,1,100,400000,0.003773
22,6,7,100,400000,0.003799
23,4,5,100,400000,0.003696
23,2,3,100,400000,0.003705
23,0,1,100,400000,0.003778
24,4,5,100,400000,0.003698
23,6,7,100,400000,0.003834
24,2,3,100,400000,0.003706
24,0,1,100,400000,0.003782
25,4,5,100,400000,0.003700
24,6,7,100,400000,0.003803
25,2,3,100,400000,0.003707
25,0,1,100,400000,0.003792
26,4,5,100,400000,0.003704
26,2,3,100,400000,0.003704
25,6,7,100,400000,0.003811
26,0,1,100,400000,0.003775
27,4,5,100,400000,0.003698
27,2,3,100,400000,0.003703
26,6,7,100,400000,0.003817
27,0,1,100,400000,0.003769
28,4,5,100,400000,0.003699
28,2,3,100,400000,0.003704
27,6,7,100,400000,0.003818
28,0,1,100,400000,0.003760
29,4,5,100,400000,0.003703
29,2,3,100,400000,0.003702
28,6,7,100,400000,0.003840
30,4,5,100,400000,0.003696
29,0,1,100,400000,0.003766
30,2,3,100,400000,0.003704
29,6,7,100,400000,0.003817
31,4,5,100,400000,0.003702
30,0,1,100,400000,0.003775
31,2,3,100,400000,0.003704
30,6,7,100,400000,0.003823
32,4,5,100,400000,0.003702
31,0,1,100,400000,0.003759
32,2,3,100,400000,0.003708
31,6,7,100,400000,0.003825
33,4,5,100,400000,0.003700
33,2,3,100,400000,0.003705
32,0,1,100,400000,0.003791
32,6,7,100,400000,0.003816
34,4,5,100,400000,0.003695
34,2,3,100,400000,0.003705
33,0,1,100,400000,0.003763
33,6,7,100,400000,0.003816
35,4,5,100,400000,0.003703
35,2,3,100,400000,0.003709
34,0,1,100,400000,0.003755
34,6,7,100,400000,0.003825
36,4,5,100,400000,0.003703
36,2,3,100,400000,0.003708
35,0,1,100,400000,0.003774
35,6,7,100,400000,0.003824
37,4,5,100,400000,0.003696
37,2,3,100,400000,0.003702
36,0,1,100,400000,0.003765
36,6,7,100,400000,0.003829
38,4,5,100,400000,0.003696
38,2,3,100,400000,0.003706
37,0,1,100,400000,0.003776
37,6,7,100,400000,0.003825
39,4,5,100,400000,0.003703
39,2,3,100,400000,0.004096
38,0,1,100,400000,0.003771
38,6,7,100,400000,0.003823
40,4,5,100,400000,0.003697
40,2,3,100,400000,0.003705
39,0,1,100,400000,0.003768
39,6,7,100,400000,0.003841
41,4,5,100,400000,0.003701
41,2,3,100,400000,0.003705
40,0,1,100,400000,0.003774
40,6,7,100,400000,0.003817
42,4,5,100,400000,0.003699
42,2,3,100,400000,0.003704
41,0,1,100,400000,0.003774
41,6,7,100,400000,0.003814
43,4,5,100,400000,0.003700
43,2,3,100,400000,0.003707
42,0,1,100,400000,0.003794
42,6,7,100,400000,0.003810
44,4,5,100,400000,0.003693
44,2,3,100,400000,0.003707
43,0,1,100,400000,0.003827
43,6,7,100,400000,0.003805
45,4,5,100,400000,0.003699
45,2,3,100,400000,0.003707
44,0,1,100,400000,0.003784
44,6,7,100,400000,0.003820
46,4,5,100,400000,0.003699
46,2,3,100,400000,0.003704
45,0,1,100,400000,0.003771
47,4,5,100,400000,0.003695
45,6,7,100,400000,0.003832
47,2,3,100,400000,0.003708
46,0,1,100,400000,0.003781
48,4,5,100,400000,0.003695
46,6,7,100,400000,0.003800
48,2,3,100,400000,0.003699
47,0,1,100,400000,0.003775
49,4,5,100,400000,0.003699
47,6,7,100,400000,0.003812
49,2,3,100,400000,0.003699
48,0,1,100,400000,0.003777
50,4,5,100,400000,0.003697
48,6,7,100,400000,0.003811
50,2,3,100,400000,0.003705
49,0,1,100,400000,0.003777
51,4,5,100,400000,0.003699
49,6,7,100,400000,0.003822
51,2,3,100,400000,0.003706
50,0,1,100,400000,0.003786
52,4,5,100,400000,0.003697
52,2,3,100,400000,0.003708
50,6,7,100,400000,0.003818
51,0,1,100,400000,0.003776
53,4,5,100,400000,0.003695
53,2,3,100,400000,0.003709
51,6,7,100,400000,0.003817
52,0,1,100,400000,0.003771
54,4,5,100,400000,0.003694
54,2,3,100,400000,0.003710
52,6,7,100,400000,0.003817
53,0,1,100,400000,0.003798
55,4,5,100,400000,0.003705
55,2,3,100,400000,0.003703
53,6,7,100,400000,0.003819
54,0,1,100,400000,0.003784
56,4,5,100,400000,0.003699
56,2,3,100,400000,0.003705
54,6,7,100,400000,0.003833
55,0,1,100,400000,0.003778
57,4,5,100,400000,0.003695
57,2,3,100,400000,0.003709
55,6,7,100,400000,0.003815
56,0,1,100,400000,0.003784
58,4,5,100,400000,0.003718
58,2,3,100,400000,0.003706
56,6,7,100,400000,0.003809
57,0,1,100,400000,0.003778
59,4,5,100,400000,0.003700
59,2,3,100,400000,0.003701
57,6,7,100,400000,0.003823
58,0,1,100,400000,0.003780
60,4,5,100,400000,0.003695
60,2,3,100,400000,0.003728
58,6,7,100,400000,0.003819
61,4,5,100,400000,0.003697
59,0,1,100,400000,0.003772
61,2,3,100,400000,0.003704
59,6,7,100,400000,0.003819
62,4,5,100,400000,0.003701
60,0,1,100,400000,0.003783
62,2,3,100,400000,0.003705
60,6,7,100,400000,0.003820
63,4,5,100,400000,0.003699
61,0,1,100,400000,0.003765
63,2,3,100,400000,0.003748
61,6,7,100,400000,0.003815
64,4,5,100,400000,0.003695
62,0,1,100,400000,0.003771
64,2,3,100,400000,0.003705
62,6,7,100,400000,0.003820
65,4,5,100,400000,0.003696
63,0,1,100,400000,0.003775
65,2,3,100,400000,0.003707
63,6,7,100,400000,0.003820
66,4,5,100,400000,0.003696
64,0,1,100,400000,0.003770
66,2,3,100,400000,0.003702
64,6,7,100,400000,0.003817
67,4,5,100,400000,0.003696
65,0,1,100,400000,0.003762
67,2,3,100,400000,0.003707
65,6,7,100,400000,0.003811
68,4,5,100,400000,0.003706
66,0,1,100,400000,0.003755
68,2,3,100,400000,0.003706
66,6,7,100,400000,0.003802
69,4,5,100,400000,0.003703
67,0,1,100,400000,0.003750
69,2,3,100,400000,0.003701
67,6,7,100,400000,0.003802
70,4,5,100,400000,0.003701
70,2,3,100,400000,0.003706
68,0,1,100,400000,0.003763
71,4,5,100,400000,0.003697
68,6,7,100,400000,0.003830
71,2,3,100,400000,0.003705
69,0,1,100,400000,0.003765
72,4,5,100,400000,0.003702
69,6,7,100,400000,0.003802
72,2,3,100,400000,0.003708
70,0,1,100,400000,0.003775
73,4,5,100,400000,0.003699
70,6,7,100,400000,0.003819
73,2,3,100,400000,0.003702
71,0,1,100,400000,0.003776
74,4,5,100,400000,0.003695
71,6,7,100,400000,0.003826
74,2,3,100,400000,0.003702
72,0,1,100,400000,0.003775
75,4,5,100,400000,0.003704
72,6,7,100,400000,0.003821
75,2,3,100,400000,0.003704
73,0,1,100,400000,0.003766
76,4,5,100,400000,0.003697
73,6,7,100,400000,0.003813
76,2,3,100,400000,0.003705
74,0,1,100,400000,0.003765
77,4,5,100,400000,0.003697
77,2,3,100,400000,0.003705
74,6,7,100,400000,0.003818
75,0,1,100,400000,0.003765
78,4,5,100,400000,0.003702
78,2,3,100,400000,0.003704
75,6,7,100,400000,0.003815
76,0,1,100,400000,0.003782
79,4,5,100,400000,0.003696
79,2,3,100,400000,0.003705
76,6,7,100,400000,0.003817
77,0,1,100,400000,0.003775
80,4,5,100,400000,0.003697
80,2,3,100,400000,0.003703
77,6,7,100,400000,0.003817
78,0,1,100,400000,0.003791
81,4,5,100,400000,0.003692
81,2,3,100,400000,0.003707
78,6,7,100,400000,0.003823
79,0,1,100,400000,0.003782
82,4,5,100,400000,0.003700
82,2,3,100,400000,0.003705
79,6,7,100,400000,0.003818
80,0,1,100,400000,0.003771
83,4,5,100,400000,0.003695
83,2,3,100,400000,0.003703
80,6,7,100,400000,0.003821
81,0,1,100,400000,0.003778
84,4,5,100,400000,0.003694
84,2,3,100,400000,0.003706
81,6,7,100,400000,0.003816
82,0,1,100,400000,0.003778
85,4,5,100,400000,0.003700
85,2,3,100,400000,0.003707
82,6,7,100,400000,0.003819
83,0,1,100,400000,0.003773
86,2,3,100,400000,0.003704
83,6,7,100,400000,0.003853
86,4,5,100,400000,0.006571
84,0,1,100,400000,0.003779
87,2,3,100,400000,0.003703
84,6,7,100,400000,0.003808
87,4,5,100,400000,0.003697
85,0,1,100,400000,0.003776
88,2,3,100,400000,0.003706
88,4,5,100,400000,0.003698
85,6,7,100,400000,0.003806
86,0,1,100,400000,0.003781
89,2,3,100,400000,0.003705
89,4,5,100,400000,0.003704
86,6,7,100,400000,0.003812
87,0,1,100,400000,0.003782
90,2,3,100,400000,0.003705
90,4,5,100,400000,0.003701
87,6,7,100,400000,0.003821
88,0,1,100,400000,0.003775
91,2,3,100,400000,0.003708
91,4,5,100,400000,0.003700
88,6,7,100,400000,0.003825
89,0,1,100,400000,0.003791
92,2,3,100,400000,0.003704
92,4,5,100,400000,0.003700
89,6,7,100,400000,0.003849
90,0,1,100,400000,0.003781
93,2,3,100,400000,0.003708
93,4,5,100,400000,0.003703
90,6,7,100,400000,0.003817
91,0,1,100,400000,0.003776
94,2,3,100,400000,0.003704
94,4,5,100,400000,0.003699
91,6,7,100,400000,0.003816
92,0,1,100,400000,0.003775
95,2,3,100,400000,0.003704
95,4,5,100,400000,0.003702
92,6,7,100,400000,0.003818
93,0,1,100,400000,0.003773
96,2,3,100,400000,0.003703
96,4,5,100,400000,0.003706
94,0,1,100,400000,0.003770
93,6,7,100,400000,0.003815
97,2,3,100,400000,0.003701
97,4,5,100,400000,0.003710
95,0,1,100,400000,0.003772
94,6,7,100,400000,0.003822
98,2,3,100,400000,0.003721
98,4,5,100,400000,0.003704
96,0,1,100,400000,0.003768
95,6,7,100,400000,0.003815
99,2,3,100,400000,0.003728
99,4,5,100,400000,0.003697
97,0,1,100,400000,0.003682
96,6,7,100,400000,0.003805
98,0,1,100,400000,0.003614
97,6,7,100,400000,0.003654
99,0,1,100,400000,0.003614
98,6,7,100,400000,0.003656
99,6,7,100,400000,0.003659
