1,0,1,1,4,0.002238,lab004-090
2,0,1,1,4,0.000782,lab004-090
3,0,1,1,4,0.000770,lab004-090
4,0,1,1,4,0.000775,lab004-090
5,0,1,1,4,0.000763,lab004-090
6,0,1,1,4,0.000770,lab004-090
7,0,1,1,4,0.000768,lab004-090
8,0,1,1,4,0.000762,lab004-090
9,0,1,1,4,0.000763,lab004-090
10,0,1,1,4,0.000763,lab004-090
11,0,1,1,4,0.000756,lab004-090
12,0,1,1,4,0.000761,lab004-090
13,0,1,1,4,0.000760,lab004-090
14,0,1,1,4,0.000764,lab004-090
15,0,1,1,4,0.000761,lab004-090
16,0,1,1,4,0.000774,lab004-090
17,0,1,1,4,0.000762,lab004-090
18,0,1,1,4,0.000778,lab004-090
19,0,1,1,4,0.000773,lab004-090
20,0,1,1,4,0.000780,lab004-090
21,0,1,1,4,0.000761,lab004-090
22,0,1,1,4,0.000781,lab004-090
23,0,1,1,4,0.000772,lab004-090
24,0,1,1,4,0.000777,lab004-090
25,0,1,1,4,0.000776,lab004-090
26,0,1,1,4,0.000760,lab004-090
27,0,1,1,4,0.000777,lab004-090
28,0,1,1,4,0.000784,lab004-090
29,0,1,1,4,0.000759,lab004-090
30,0,1,1,4,0.000782,lab004-090
31,0,1,1,4,0.000784,lab004-090
32,0,1,1,4,0.000783,lab004-090
33,0,1,1,4,0.000779,lab004-090
34,0,1,1,4,0.000784,lab004-090
35,0,1,1,4,0.000766,lab004-090
36,0,1,1,4,0.000776,lab004-090
37,0,1,1,4,0.000772,lab004-090
38,0,1,1,4,0.000773,lab004-090
39,0,1,1,4,0.000761,lab004-090
40,0,1,1,4,0.000763,lab004-090
41,0,1,1,4,0.000776,lab004-090
42,0,1,1,4,0.000775,lab004-090
43,0,1,1,4,0.000772,lab004-090
44,0,1,1,4,0.000776,lab004-090
45,0,1,1,4,0.000780,lab004-090
46,0,1,1,4,0.000776,lab004-090
47,0,1,1,4,0.000776,lab004-090
48,0,1,1,4,0.000769,lab004-090
49,0,1,1,4,0.000777,lab004-090
50,0,1,1,4,0.000779,lab004-090
51,0,1,1,4,0.000777,lab004-090
52,0,1,1,4,0.000778,lab004-090
53,0,1,1,4,0.000761,lab004-090
54,0,1,1,4,0.000777,lab004-090
55,0,1,1,4,0.000778,lab004-090
56,0,1,1,4,0.000782,lab004-090
57,0,1,1,4,0.000775,lab004-090
58,0,1,1,4,0.000774,lab004-090
59,0,1,1,4,0.000759,lab004-090
60,0,1,1,4,0.000781,lab004-090
61,0,1,1,4,0.000777,lab004-090
62,0,1,1,4,0.000762,lab004-090
63,0,1,1,4,0.000778,lab004-090
64,0,1,1,4,0.000782,lab004-090
65,0,1,1,4,0.000778,lab004-090
66,0,1,1,4,0.000762,lab004-090
67,0,1,1,4,0.000776,lab004-090
68,0,1,1,4,0.000755,lab004-090
69,0,1,1,4,0.000775,lab004-090
70,0,1,1,4,0.000773,lab004-090
71,0,1,1,4,0.000758,lab004-090
72,0,1,1,4,0.000760,lab004-090
73,0,1,1,4,0.000773,lab004-090
74,0,1,1,4,0.000779,lab004-090
75,0,1,1,4,0.000762,lab004-090
76,0,1,1,4,0.000778,lab004-090
77,0,1,1,4,0.000772,lab004-090
78,0,1,1,4,0.000776,lab004-090
79,0,1,1,4,0.000762,lab004-090
80,0,1,1,4,0.000768,lab004-090
81,0,1,1,4,0.000781,lab004-090
82,0,1,1,4,0.000771,lab004-090
83,0,1,1,4,0.000779,lab004-090
84,0,1,1,4,0.000766,lab004-090
85,0,1,1,4,0.000776,lab004-090
86,0,1,1,4,0.000772,lab004-090
87,0,1,1,4,0.000777,lab004-090
88,0,1,1,4,0.000761,lab004-090
89,0,1,1,4,0.000782,lab004-090
90,0,1,1,4,0.000762,lab004-090
91,0,1,1,4,0.000776,lab004-090
92,0,1,1,4,0.000771,lab004-090
93,0,1,1,4,0.000772,lab004-090
94,0,1,1,4,0.000778,lab004-090
95,0,1,1,4,0.000776,lab004-090
96,0,1,1,4,0.000792,lab004-090
97,0,1,1,4,0.000761,lab004-090
98,0,1,1,4,0.000778,lab004-090
99,0,1,1,4,0.000777,lab004-090
1,0,1,10,4,0.002485,lab004-090
2,0,1,10,4,0.000874,lab004-090
3,0,1,10,4,0.001078,lab004-090
4,0,1,10,4,0.001071,lab004-090
5,0,1,10,4,0.000926,lab004-090
6,0,1,10,4,0.001067,lab004-090
7,0,1,10,4,0.000927,lab004-090
8,0,1,10,4,0.001060,lab004-090
9,0,1,10,4,0.000908,lab004-090
10,0,1,10,4,0.001061,lab004-090
11,0,1,10,4,0.000904,lab004-090
12,0,1,10,4,0.001064,lab004-090
13,0,1,10,4,0.001065,lab004-090
14,0,1,10,4,0.001061,lab004-090
15,0,1,10,4,0.000907,lab004-090
16,0,1,10,4,0.000906,lab004-090
17,0,1,10,4,0.001057,lab004-090
18,0,1,10,4,0.000948,lab004-090
19,0,1,10,4,0.000919,lab004-090
20,0,1,10,4,0.000883,lab004-090
21,0,1,10,4,0.000890,lab004-090
22,0,1,10,4,0.000908,lab004-090
23,0,1,10,4,0.000882,lab004-090
24,0,1,10,4,0.000887,lab004-090
25,0,1,10,4,0.000875,lab004-090
26,0,1,10,4,0.000887,lab004-090
27,0,1,10,4,0.000907,lab004-090
28,0,1,10,4,0.000908,lab004-090
29,0,1,10,4,0.000909,lab004-090
30,0,1,10,4,0.000868,lab004-090
31,0,1,10,4,0.000868,lab004-090
32,0,1,10,4,0.000882,lab004-090
33,0,1,10,4,0.000861,lab004-090
34,0,1,10,4,0.000848,lab004-090
35,0,1,10,4,0.000835,lab004-090
36,0,1,10,4,0.000849,lab004-090
37,0,1,10,4,0.000873,lab004-090
38,0,1,10,4,0.000864,lab004-090
39,0,1,10,4,0.001079,lab004-090
40,0,1,10,4,0.000867,lab004-090
41,0,1,10,4,0.001081,lab004-090
42,0,1,10,4,0.000869,lab004-090
43,0,1,10,4,0.001089,lab004-090
44,0,1,10,4,0.001081,lab004-090
45,0,1,10,4,0.001081,lab004-090
46,0,1,10,4,0.001074,lab004-090
47,0,1,10,4,0.001079,lab004-090
48,0,1,10,4,0.001073,lab004-090
49,0,1,10,4,0.001097,lab004-090
50,0,1,10,4,0.001084,lab004-090
51,0,1,10,4,0.001084,lab004-090
52,0,1,10,4,0.001082,lab004-090
53,0,1,10,4,0.001080,lab004-090
54,0,1,10,4,0.001080,lab004-090
55,0,1,10,4,0.001084,lab004-090
56,0,1,10,4,0.001087,lab004-090
57,0,1,10,4,0.001094,lab004-090
58,0,1,10,4,0.001077,lab004-090
59,0,1,10,4,0.001070,lab004-090
60,0,1,10,4,0.001085,lab004-090
61,0,1,10,4,0.001071,lab004-090
62,0,1,10,4,0.001091,lab004-090
63,0,1,10,4,0.001067,lab004-090
64,0,1,10,4,0.001083,lab004-090
65,0,1,10,4,0.001083,lab004-090
66,0,1,10,4,0.001083,lab004-090
67,0,1,10,4,0.001078,lab004-090
68,0,1,10,4,0.001076,lab004-090
69,0,1,10,4,0.001083,lab004-090
70,0,1,10,4,0.001077,lab004-090
71,0,1,10,4,0.001080,lab004-090
72,0,1,10,4,0.000880,lab004-090
73,0,1,10,4,0.001090,lab004-090
74,0,1,10,4,0.001078,lab004-090
75,0,1,10,4,0.001081,lab004-090
76,0,1,10,4,0.001085,lab004-090
77,0,1,10,4,0.001078,lab004-090
78,0,1,10,4,0.001081,lab004-090
79,0,1,10,4,0.001083,lab004-090
80,0,1,10,4,0.001077,lab004-090
81,0,1,10,4,0.001091,lab004-090
82,0,1,10,4,0.001084,lab004-090
83,0,1,10,4,0.001080,lab004-090
84,0,1,10,4,0.001080,lab004-090
85,0,1,10,4,0.001085,lab004-090
86,0,1,10,4,0.001076,lab004-090
87,0,1,10,4,0.001087,lab004-090
88,0,1,10,4,0.001080,lab004-090
89,0,1,10,4,0.001072,lab004-090
90,0,1,10,4,0.001078,lab004-090
91,0,1,10,4,0.001080,lab004-090
92,0,1,10,4,0.001074,lab004-090
93,0,1,10,4,0.001084,lab004-090
94,0,1,10,4,0.001080,lab004-090
95,0,1,10,4,0.001099,lab004-090
96,0,1,10,4,0.001081,lab004-090
97,0,1,10,4,0.001077,lab004-090
98,0,1,10,4,0.001095,lab004-090
99,0,1,10,4,0.001088,lab004-090
1,0,1,100,4,0.002600,lab004-090
2,0,1,100,4,0.001153,lab004-090
3,0,1,100,4,0.001087,lab004-090
4,0,1,100,4,0.001017,lab004-090
5,0,1,100,4,0.001100,lab004-090
6,0,1,100,4,0.001234,lab004-090
7,0,1,100,4,0.001044,lab004-090
8,0,1,100,4,0.001044,lab004-090
9,0,1,100,4,0.001121,lab004-090
10,0,1,100,4,0.001037,lab004-090
11,0,1,100,4,0.001242,lab004-090
12,0,1,100,4,0.001016,lab004-090
13,0,1,100,4,0.001004,lab004-090
14,0,1,100,4,0.001009,lab004-090
15,0,1,100,4,0.001254,lab004-090
16,0,1,100,4,0.001235,lab004-090
17,0,1,100,4,0.001230,lab004-090
18,0,1,100,4,0.001228,lab004-090
19,0,1,100,4,0.000996,lab004-090
20,0,1,100,4,0.001229,lab004-090
21,0,1,100,4,0.001243,lab004-090
22,0,1,100,4,0.001243,lab004-090
23,0,1,100,4,0.001251,lab004-090
24,0,1,100,4,0.001247,lab004-090
25,0,1,100,4,0.001240,lab004-090
26,0,1,100,4,0.001240,lab004-090
27,0,1,100,4,0.001239,lab004-090
28,0,1,100,4,0.001234,lab004-090
29,0,1,100,4,0.001246,lab004-090
30,0,1,100,4,0.001242,lab004-090
31,0,1,100,4,0.001241,lab004-090
32,0,1,100,4,0.001244,lab004-090
33,0,1,100,4,0.001241,lab004-090
34,0,1,100,4,0.001234,lab004-090
35,0,1,100,4,0.001241,lab004-090
36,0,1,100,4,0.001235,lab004-090
37,0,1,100,4,0.001236,lab004-090
38,0,1,100,4,0.001254,lab004-090
39,0,1,100,4,0.001240,lab004-090
40,0,1,100,4,0.001239,lab004-090
41,0,1,100,4,0.001237,lab004-090
42,0,1,100,4,0.001239,lab004-090
43,0,1,100,4,0.001235,lab004-090
44,0,1,100,4,0.001237,lab004-090
45,0,1,100,4,0.001238,lab004-090
46,0,1,100,4,0.001257,lab004-090
47,0,1,100,4,0.001236,lab004-090
48,0,1,100,4,0.001244,lab004-090
49,0,1,100,4,0.001233,lab004-090
50,0,1,100,4,0.001239,lab004-090
51,0,1,100,4,0.001238,lab004-090
52,0,1,100,4,0.001244,lab004-090
53,0,1,100,4,0.001237,lab004-090
54,0,1,100,4,0.001249,lab004-090
55,0,1,100,4,0.001255,lab004-090
56,0,1,100,4,0.001251,lab004-090
57,0,1,100,4,0.001240,lab004-090
58,0,1,100,4,0.001245,lab004-090
59,0,1,100,4,0.001246,lab004-090
60,0,1,100,4,0.001244,lab004-090
61,0,1,100,4,0.001246,lab004-090
62,0,1,100,4,0.001240,lab004-090
63,0,1,100,4,0.001238,lab004-090
64,0,1,100,4,0.001239,lab004-090
65,0,1,100,4,0.001241,lab004-090
66,0,1,100,4,0.001238,lab004-090
67,0,1,100,4,0.001244,lab004-090
68,0,1,100,4,0.001243,lab004-090
69,0,1,100,4,0.001243,lab004-090
70,0,1,100,4,0.001245,lab004-090
71,0,1,100,4,0.001240,lab004-090
72,0,1,100,4,0.001227,lab004-090
73,0,1,100,4,0.001255,lab004-090
74,0,1,100,4,0.001238,lab004-090
75,0,1,100,4,0.001239,lab004-090
76,0,1,100,4,0.001239,lab004-090
77,0,1,100,4,0.001257,lab004-090
78,0,1,100,4,0.001255,lab004-090
79,0,1,100,4,0.001250,lab004-090
80,0,1,100,4,0.001250,lab004-090
81,0,1,100,4,0.001239,lab004-090
82,0,1,100,4,0.001240,lab004-090
83,0,1,100,4,0.001262,lab004-090
84,0,1,100,4,0.001251,lab004-090
85,0,1,100,4,0.001243,lab004-090
86,0,1,100,4,0.001239,lab004-090
87,0,1,100,4,0.001245,lab004-090
88,0,1,100,4,0.001245,lab004-090
89,0,1,100,4,0.001239,lab004-090
90,0,1,100,4,0.001241,lab004-090
91,0,1,100,4,0.001247,lab004-090
92,0,1,100,4,0.001241,lab004-090
93,0,1,100,4,0.001238,lab004-090
94,0,1,100,4,0.001239,lab004-090
95,0,1,100,4,0.001242,lab004-090
96,0,1,100,4,0.001240,lab004-090
97,0,1,100,4,0.001235,lab004-090
98,0,1,100,4,0.001245,lab004-090
99,0,1,100,4,0.001243,lab004-090
1,0,1,1000,4,0.004912,lab004-090
2,0,1,1000,4,0.003517,lab004-090
3,0,1,1000,4,0.003487,lab004-090
4,0,1,1000,4,0.003494,lab004-090
5,0,1,1000,4,0.003483,lab004-090
6,0,1,1000,4,0.003482,lab004-090
7,0,1,1000,4,0.003478,lab004-090
8,0,1,1000,4,0.003486,lab004-090
9,0,1,1000,4,0.003480,lab004-090
10,0,1,1000,4,0.003484,lab004-090
11,0,1,1000,4,0.003478,lab004-090
12,0,1,1000,4,0.003481,lab004-090
13,0,1,1000,4,0.003477,lab004-090
14,0,1,1000,4,0.003483,lab004-090
15,0,1,1000,4,0.003488,lab004-090
16,0,1,1000,4,0.003479,lab004-090
17,0,1,1000,4,0.003473,lab004-090
18,0,1,1000,4,0.003482,lab004-090
19,0,1,1000,4,0.003484,lab004-090
20,0,1,1000,4,0.003482,lab004-090
21,0,1,1000,4,0.003491,lab004-090
22,0,1,1000,4,0.003479,lab004-090
23,0,1,1000,4,0.003484,lab004-090
24,0,1,1000,4,0.003477,lab004-090
25,0,1,1000,4,0.003475,lab004-090
26,0,1,1000,4,0.003479,lab004-090
27,0,1,1000,4,0.003231,lab004-090
28,0,1,1000,4,0.003472,lab004-090
29,0,1,1000,4,0.003475,lab004-090
30,0,1,1000,4,0.003479,lab004-090
31,0,1,1000,4,0.003486,lab004-090
32,0,1,1000,4,0.003486,lab004-090
33,0,1,1000,4,0.003483,lab004-090
34,0,1,1000,4,0.003473,lab004-090
35,0,1,1000,4,0.003506,lab004-090
36,0,1,1000,4,0.003495,lab004-090
37,0,1,1000,4,0.003494,lab004-090
38,0,1,1000,4,0.003502,lab004-090
39,0,1,1000,4,0.003497,lab004-090
40,0,1,1000,4,0.003495,lab004-090
41,0,1,1000,4,0.003516,lab004-090
42,0,1,1000,4,0.003493,lab004-090
43,0,1,1000,4,0.003496,lab004-090
44,0,1,1000,4,0.003493,lab004-090
45,0,1,1000,4,0.003507,lab004-090
46,0,1,1000,4,0.003498,lab004-090
47,0,1,1000,4,0.003495,lab004-090
48,0,1,1000,4,0.003498,lab004-090
49,0,1,1000,4,0.003499,lab004-090
50,0,1,1000,4,0.003502,lab004-090
51,0,1,1000,4,0.003504,lab004-090
52,0,1,1000,4,0.003499,lab004-090
53,0,1,1000,4,0.003533,lab004-090
54,0,1,1000,4,0.003519,lab004-090
55,0,1,1000,4,0.003524,lab004-090
56,0,1,1000,4,0.003514,lab004-090
57,0,1,1000,4,0.003508,lab004-090
58,0,1,1000,4,0.003502,lab004-090
59,0,1,1000,4,0.003497,lab004-090
60,0,1,1000,4,0.003500,lab004-090
61,0,1,1000,4,0.003501,lab004-090
62,0,1,1000,4,0.003499,lab004-090
63,0,1,1000,4,0.003502,lab004-090
64,0,1,1000,4,0.003498,lab004-090
65,0,1,1000,4,0.003489,lab004-090
66,0,1,1000,4,0.003495,lab004-090
67,0,1,1000,4,0.003495,lab004-090
68,0,1,1000,4,0.003504,lab004-090
69,0,1,1000,4,0.003501,lab004-090
70,0,1,1000,4,0.003503,lab004-090
71,0,1,1000,4,0.003503,lab004-090
72,0,1,1000,4,0.003507,lab004-090
73,0,1,1000,4,0.003523,lab004-090
74,0,1,1000,4,0.003512,lab004-090
75,0,1,1000,4,0.003497,lab004-090
76,0,1,1000,4,0.003497,lab004-090
77,0,1,1000,4,0.003498,lab004-090
78,0,1,1000,4,0.003503,lab004-090
79,0,1,1000,4,0.003498,lab004-090
80,0,1,1000,4,0.003509,lab004-090
81,0,1,1000,4,0.003502,lab004-090
82,0,1,1000,4,0.003513,lab004-090
83,0,1,1000,4,0.003500,lab004-090
84,0,1,1000,4,0.003493,lab004-090
85,0,1,1000,4,0.003496,lab004-090
86,0,1,1000,4,0.003503,lab004-090
87,0,1,1000,4,0.003501,lab004-090
88,0,1,1000,4,0.003504,lab004-090
89,0,1,1000,4,0.003494,lab004-090
90,0,1,1000,4,0.003498,lab004-090
91,0,1,1000,4,0.003491,lab004-090
92,0,1,1000,4,0.003503,lab004-090
93,0,1,1000,4,0.003498,lab004-090
94,0,1,1000,4,0.003529,lab004-090
95,0,1,1000,4,0.003513,lab004-090
96,0,1,1000,4,0.003498,lab004-090
97,0,1,1000,4,0.003497,lab004-090
98,0,1,1000,4,0.003495,lab004-090
99,0,1,1000,4,0.003500,lab004-090
1,0,1,1,40,0.002238,lab004-090
2,0,1,1,40,0.000786,lab004-090
3,0,1,1,40,0.000790,lab004-090
4,0,1,1,40,0.000793,lab004-090
5,0,1,1,40,0.000773,lab004-090
6,0,1,1,40,0.000789,lab004-090
7,0,1,1,40,0.000791,lab004-090
8,0,1,1,40,0.000785,lab004-090
9,0,1,1,40,0.000789,lab004-090
10,0,1,1,40,0.000774,lab004-090
11,0,1,1,40,0.000788,lab004-090
12,0,1,1,40,0.000790,lab004-090
13,0,1,1,40,0.000795,lab004-090
14,0,1,1,40,0.000789,lab004-090
15,0,1,1,40,0.000775,lab004-090
16,0,1,1,40,0.000793,lab004-090
17,0,1,1,40,0.000781,lab004-090
18,0,1,1,40,0.000783,lab004-090
19,0,1,1,40,0.000786,lab004-090
20,0,1,1,40,0.000787,lab004-090
21,0,1,1,40,0.000786,lab004-090
22,0,1,1,40,0.000791,lab004-090
23,0,1,1,40,0.000785,lab004-090
24,0,1,1,40,0.000770,lab004-090
25,0,1,1,40,0.000787,lab004-090
26,0,1,1,40,0.000783,lab004-090
27,0,1,1,40,0.000780,lab004-090
28,0,1,1,40,0.000789,lab004-090
29,0,1,1,40,0.000785,lab004-090
30,0,1,1,40,0.000786,lab004-090
31,0,1,1,40,0.000782,lab004-090
32,0,1,1,40,0.000787,lab004-090
33,0,1,1,40,0.000788,lab004-090
34,0,1,1,40,0.000787,lab004-090
35,0,1,1,40,0.000781,lab004-090
36,0,1,1,40,0.000786,lab004-090
37,0,1,1,40,0.000785,lab004-090
38,0,1,1,40,0.000782,lab004-090
39,0,1,1,40,0.000787,lab004-090
40,0,1,1,40,0.000790,lab004-090
41,0,1,1,40,0.000787,lab004-090
42,0,1,1,40,0.000783,lab004-090
43,0,1,1,40,0.000774,lab004-090
44,0,1,1,40,0.000786,lab004-090
45,0,1,1,40,0.000790,lab004-090
46,0,1,1,40,0.000791,lab004-090
47,0,1,1,40,0.000798,lab004-090
48,0,1,1,40,0.000789,lab004-090
49,0,1,1,40,0.000794,lab004-090
50,0,1,1,40,0.000784,lab004-090
51,0,1,1,40,0.000792,lab004-090
52,0,1,1,40,0.000785,lab004-090
53,0,1,1,40,0.000790,lab004-090
54,0,1,1,40,0.000780,lab004-090
55,0,1,1,40,0.000785,lab004-090
56,0,1,1,40,0.000786,lab004-090
57,0,1,1,40,0.000789,lab004-090
58,0,1,1,40,0.000770,lab004-090
59,0,1,1,40,0.000784,lab004-090
60,0,1,1,40,0.000780,lab004-090
61,0,1,1,40,0.000774,lab004-090
62,0,1,1,40,0.000782,lab004-090
63,0,1,1,40,0.000788,lab004-090
64,0,1,1,40,0.000787,lab004-090
65,0,1,1,40,0.000789,lab004-090
66,0,1,1,40,0.000790,lab004-090
67,0,1,1,40,0.000786,lab004-090
68,0,1,1,40,0.000786,lab004-090
69,0,1,1,40,0.000786,lab004-090
70,0,1,1,40,0.000791,lab004-090
71,0,1,1,40,0.000786,lab004-090
72,0,1,1,40,0.000786,lab004-090
73,0,1,1,40,0.000773,lab004-090
74,0,1,1,40,0.000785,lab004-090
75,0,1,1,40,0.000789,lab004-090
76,0,1,1,40,0.000786,lab004-090
77,0,1,1,40,0.000769,lab004-090
78,0,1,1,40,0.000787,lab004-090
79,0,1,1,40,0.000785,lab004-090
80,0,1,1,40,0.000791,lab004-090
81,0,1,1,40,0.000788,lab004-090
82,0,1,1,40,0.000785,lab004-090
83,0,1,1,40,0.000775,lab004-090
84,0,1,1,40,0.000781,lab004-090
85,0,1,1,40,0.000785,lab004-090
86,0,1,1,40,0.000784,lab004-090
87,0,1,1,40,0.000786,lab004-090
88,0,1,1,40,0.000785,lab004-090
89,0,1,1,40,0.000787,lab004-090
90,0,1,1,40,0.000791,lab004-090
91,0,1,1,40,0.000771,lab004-090
92,0,1,1,40,0.000791,lab004-090
93,0,1,1,40,0.000790,lab004-090
94,0,1,1,40,0.000786,lab004-090
95,0,1,1,40,0.000781,lab004-090
96,0,1,1,40,0.000770,lab004-090
97,0,1,1,40,0.000785,lab004-090
98,0,1,1,40,0.000785,lab004-090
99,0,1,1,40,0.000792,lab004-090
1,0,1,10,40,0.002638,lab004-090
2,0,1,10,40,0.001167,lab004-090
3,0,1,10,40,0.001177,lab004-090
4,0,1,10,40,0.001165,lab004-090
5,0,1,10,40,0.001184,lab004-090
6,0,1,10,40,0.001158,lab004-090
7,0,1,10,40,0.001164,lab004-090
8,0,1,10,40,0.001168,lab004-090
9,0,1,10,40,0.001166,lab004-090
10,0,1,10,40,0.001180,lab004-090
11,0,1,10,40,0.001166,lab004-090
12,0,1,10,40,0.001189,lab004-090
13,0,1,10,40,0.001198,lab004-090
14,0,1,10,40,0.001182,lab004-090
15,0,1,10,40,0.001164,lab004-090
16,0,1,10,40,0.001179,lab004-090
17,0,1,10,40,0.001173,lab004-090
18,0,1,10,40,0.001169,lab004-090
19,0,1,10,40,0.001178,lab004-090
20,0,1,10,40,0.001170,lab004-090
21,0,1,10,40,0.001172,lab004-090
22,0,1,10,40,0.001153,lab004-090
23,0,1,10,40,0.001147,lab004-090
24,0,1,10,40,0.001186,lab004-090
25,0,1,10,40,0.001176,lab004-090
26,0,1,10,40,0.001154,lab004-090
27,0,1,10,40,0.001176,lab004-090
28,0,1,10,40,0.001147,lab004-090
29,0,1,10,40,0.001164,lab004-090
30,0,1,10,40,0.001166,lab004-090
31,0,1,10,40,0.001177,lab004-090
32,0,1,10,40,0.001162,lab004-090
33,0,1,10,40,0.001177,lab004-090
34,0,1,10,40,0.001168,lab004-090
35,0,1,10,40,0.001179,lab004-090
36,0,1,10,40,0.001173,lab004-090
37,0,1,10,40,0.001183,lab004-090
38,0,1,10,40,0.001190,lab004-090
39,0,1,10,40,0.001180,lab004-090
40,0,1,10,40,0.001187,lab004-090
41,0,1,10,40,0.001177,lab004-090
42,0,1,10,40,0.001179,lab004-090
43,0,1,10,40,0.001179,lab004-090
44,0,1,10,40,0.001181,lab004-090
45,0,1,10,40,0.001166,lab004-090
46,0,1,10,40,0.001179,lab004-090
47,0,1,10,40,0.001182,lab004-090
48,0,1,10,40,0.001153,lab004-090
49,0,1,10,40,0.001178,lab004-090
50,0,1,10,40,0.001183,lab004-090
51,0,1,10,40,0.001164,lab004-090
52,0,1,10,40,0.001176,lab004-090
53,0,1,10,40,0.001158,lab004-090
54,0,1,10,40,0.001164,lab004-090
55,0,1,10,40,0.001173,lab004-090
56,0,1,10,40,0.001174,lab004-090
57,0,1,10,40,0.001165,lab004-090
58,0,1,10,40,0.001159,lab004-090
59,0,1,10,40,0.001169,lab004-090
60,0,1,10,40,0.001156,lab004-090
61,0,1,10,40,0.001160,lab004-090
62,0,1,10,40,0.001181,lab004-090
63,0,1,10,40,0.001151,lab004-090
64,0,1,10,40,0.001153,lab004-090
65,0,1,10,40,0.001166,lab004-090
66,0,1,10,40,0.001169,lab004-090
67,0,1,10,40,0.001183,lab004-090
68,0,1,10,40,0.001157,lab004-090
69,0,1,10,40,0.001160,lab004-090
70,0,1,10,40,0.001154,lab004-090
71,0,1,10,40,0.001174,lab004-090
72,0,1,10,40,0.001160,lab004-090
73,0,1,10,40,0.001163,lab004-090
74,0,1,10,40,0.001172,lab004-090
75,0,1,10,40,0.001158,lab004-090
76,0,1,10,40,0.001164,lab004-090
77,0,1,10,40,0.001169,lab004-090
78,0,1,10,40,0.001162,lab004-090
79,0,1,10,40,0.001160,lab004-090
80,0,1,10,40,0.001178,lab004-090
81,0,1,10,40,0.001172,lab004-090
82,0,1,10,40,0.001162,lab004-090
83,0,1,10,40,0.001167,lab004-090
84,0,1,10,40,0.001182,lab004-090
85,0,1,10,40,0.001175,lab004-090
86,0,1,10,40,0.001168,lab004-090
87,0,1,10,40,0.001181,lab004-090
88,0,1,10,40,0.001159,lab004-090
89,0,1,10,40,0.001177,lab004-090
90,0,1,10,40,0.001179,lab004-090
91,0,1,10,40,0.001168,lab004-090
92,0,1,10,40,0.001163,lab004-090
93,0,1,10,40,0.001181,lab004-090
94,0,1,10,40,0.001178,lab004-090
95,0,1,10,40,0.001160,lab004-090
96,0,1,10,40,0.001169,lab004-090
97,0,1,10,40,0.001179,lab004-090
98,0,1,10,40,0.001173,lab004-090
99,0,1,10,40,0.001171,lab004-090
1,0,1,100,40,0.003095,lab004-090
2,0,1,100,40,0.001733,lab004-090
3,0,1,100,40,0.001722,lab004-090
4,0,1,100,40,0.001734,lab004-090
5,0,1,100,40,0.001722,lab004-090
6,0,1,100,40,0.001733,lab004-090
7,0,1,100,40,0.001734,lab004-090
8,0,1,100,40,0.001725,lab004-090
9,0,1,100,40,0.001738,lab004-090
10,0,1,100,40,0.001735,lab004-090
11,0,1,100,40,0.001731,lab004-090
12,0,1,100,40,0.001737,lab004-090
13,0,1,100,40,0.001738,lab004-090
14,0,1,100,40,0.001736,lab004-090
15,0,1,100,40,0.001741,lab004-090
16,0,1,100,40,0.001736,lab004-090
17,0,1,100,40,0.001729,lab004-090
18,0,1,100,40,0.001736,lab004-090
19,0,1,100,40,0.001736,lab004-090
20,0,1,100,40,0.001737,lab004-090
21,0,1,100,40,0.001735,lab004-090
22,0,1,100,40,0.001734,lab004-090
23,0,1,100,40,0.001735,lab004-090
24,0,1,100,40,0.001736,lab004-090
25,0,1,100,40,0.001733,lab004-090
26,0,1,100,40,0.001743,lab004-090
27,0,1,100,40,0.001737,lab004-090
28,0,1,100,40,0.001724,lab004-090
29,0,1,100,40,0.001734,lab004-090
30,0,1,100,40,0.001731,lab004-090
31,0,1,100,40,0.001731,lab004-090
32,0,1,100,40,0.001742,lab004-090
33,0,1,100,40,0.001736,lab004-090
34,0,1,100,40,0.001740,lab004-090
35,0,1,100,40,0.001739,lab004-090
36,0,1,100,40,0.001731,lab004-090
37,0,1,100,40,0.001736,lab004-090
38,0,1,100,40,0.001735,lab004-090
39,0,1,100,40,0.001738,lab004-090
40,0,1,100,40,0.001739,lab004-090
41,0,1,100,40,0.001736,lab004-090
42,0,1,100,40,0.001737,lab004-090
43,0,1,100,40,0.001741,lab004-090
44,0,1,100,40,0.001734,lab004-090
45,0,1,100,40,0.001735,lab004-090
46,0,1,100,40,0.001740,lab004-090
47,0,1,100,40,0.001721,lab004-090
48,0,1,100,40,0.001734,lab004-090
49,0,1,100,40,0.001728,lab004-090
50,0,1,100,40,0.001755,lab004-090
51,0,1,100,40,0.001743,lab004-090
52,0,1,100,40,0.001730,lab004-090
53,0,1,100,40,0.001736,lab004-090
54,0,1,100,40,0.001739,lab004-090
55,0,1,100,40,0.001732,lab004-090
56,0,1,100,40,0.001733,lab004-090
57,0,1,100,40,0.001736,lab004-090
58,0,1,100,40,0.001737,lab004-090
59,0,1,100,40,0.001736,lab004-090
60,0,1,100,40,0.001736,lab004-090
61,0,1,100,40,0.001745,lab004-090
62,0,1,100,40,0.001719,lab004-090
63,0,1,100,40,0.001737,lab004-090
64,0,1,100,40,0.001737,lab004-090
65,0,1,100,40,0.001729,lab004-090
66,0,1,100,40,0.001714,lab004-090
67,0,1,100,40,0.001745,lab004-090
68,0,1,100,40,0.001724,lab004-090
69,0,1,100,40,0.001738,lab004-090
70,0,1,100,40,0.001739,lab004-090
71,0,1,100,40,0.001734,lab004-090
72,0,1,100,40,0.001749,lab004-090
73,0,1,100,40,0.001752,lab004-090
74,0,1,100,40,0.001754,lab004-090
75,0,1,100,40,0.001751,lab004-090
76,0,1,100,40,0.001741,lab004-090
77,0,1,100,40,0.001745,lab004-090
78,0,1,100,40,0.001740,lab004-090
79,0,1,100,40,0.001732,lab004-090
80,0,1,100,40,0.001736,lab004-090
81,0,1,100,40,0.001742,lab004-090
82,0,1,100,40,0.001739,lab004-090
83,0,1,100,40,0.001735,lab004-090
84,0,1,100,40,0.001738,lab004-090
85,0,1,100,40,0.001729,lab004-090
86,0,1,100,40,0.001735,lab004-090
87,0,1,100,40,0.001736,lab004-090
88,0,1,100,40,0.001740,lab004-090
89,0,1,100,40,0.001742,lab004-090
90,0,1,100,40,0.001737,lab004-090
91,0,1,100,40,0.001737,lab004-090
92,0,1,100,40,0.001736,lab004-090
93,0,1,100,40,0.001741,lab004-090
94,0,1,100,40,0.001731,lab004-090
95,0,1,100,40,0.001733,lab004-090
96,0,1,100,40,0.001737,lab004-090
97,0,1,100,40,0.001735,lab004-090
98,0,1,100,40,0.001734,lab004-090
99,0,1,100,40,0.001743,lab004-090
1,0,1,1000,40,0.007932,lab004-090
2,0,1,1000,40,0.006482,lab004-090
3,0,1,1000,40,0.006461,lab004-090
4,0,1,1000,40,0.006505,lab004-090
5,0,1,1000,40,0.006483,lab004-090
6,0,1,1000,40,0.006473,lab004-090
7,0,1,1000,40,0.006486,lab004-090
8,0,1,1000,40,0.006479,lab004-090
9,0,1,1000,40,0.006499,lab004-090
10,0,1,1000,40,0.006485,lab004-090
11,0,1,1000,40,0.006486,lab004-090
12,0,1,1000,40,0.006472,lab004-090
13,0,1,1000,40,0.006482,lab004-090
14,0,1,1000,40,0.006489,lab004-090
15,0,1,1000,40,0.006496,lab004-090
16,0,1,1000,40,0.006486,lab004-090
17,0,1,1000,40,0.006496,lab004-090
18,0,1,1000,40,0.006482,lab004-090
19,0,1,1000,40,0.006485,lab004-090
20,0,1,1000,40,0.006461,lab004-090
21,0,1,1000,40,0.006526,lab004-090
22,0,1,1000,40,0.006474,lab004-090
23,0,1,1000,40,0.006490,lab004-090
24,0,1,1000,40,0.006499,lab004-090
25,0,1,1000,40,0.006481,lab004-090
26,0,1,1000,40,0.006477,lab004-090
27,0,1,1000,40,0.006476,lab004-090
28,0,1,1000,40,0.006484,lab004-090
29,0,1,1000,40,0.006484,lab004-090
30,0,1,1000,40,0.006475,lab004-090
31,0,1,1000,40,0.006498,lab004-090
32,0,1,1000,40,0.006494,lab004-090
33,0,1,1000,40,0.006492,lab004-090
34,0,1,1000,40,0.006484,lab004-090
35,0,1,1000,40,0.006481,lab004-090
36,0,1,1000,40,0.006477,lab004-090
37,0,1,1000,40,0.006485,lab004-090
38,0,1,1000,40,0.006483,lab004-090
39,0,1,1000,40,0.006473,lab004-090
40,0,1,1000,40,0.006489,lab004-090
41,0,1,1000,40,0.006487,lab004-090
42,0,1,1000,40,0.006471,lab004-090
43,0,1,1000,40,0.006483,lab004-090
44,0,1,1000,40,0.006484,lab004-090
45,0,1,1000,40,0.006483,lab004-090
46,0,1,1000,40,0.006492,lab004-090
47,0,1,1000,40,0.006477,lab004-090
48,0,1,1000,40,0.006493,lab004-090
49,0,1,1000,40,0.006482,lab004-090
50,0,1,1000,40,0.006480,lab004-090
51,0,1,1000,40,0.006484,lab004-090
52,0,1,1000,40,0.006486,lab004-090
53,0,1,1000,40,0.006480,lab004-090
54,0,1,1000,40,0.006493,lab004-090
55,0,1,1000,40,0.006479,lab004-090
56,0,1,1000,40,0.006480,lab004-090
57,0,1,1000,40,0.006486,lab004-090
58,0,1,1000,40,0.006473,lab004-090
59,0,1,1000,40,0.006493,lab004-090
60,0,1,1000,40,0.006482,lab004-090
61,0,1,1000,40,0.006472,lab004-090
62,0,1,1000,40,0.006478,lab004-090
63,0,1,1000,40,0.006491,lab004-090
64,0,1,1000,40,0.006474,lab004-090
65,0,1,1000,40,0.006488,lab004-090
66,0,1,1000,40,0.006479,lab004-090
67,0,1,1000,40,0.006485,lab004-090
68,0,1,1000,40,0.006480,lab004-090
69,0,1,1000,40,0.006483,lab004-090
70,0,1,1000,40,0.006474,lab004-090
71,0,1,1000,40,0.006509,lab004-090
72,0,1,1000,40,0.006491,lab004-090
73,0,1,1000,40,0.006492,lab004-090
74,0,1,1000,40,0.006486,lab004-090
75,0,1,1000,40,0.006486,lab004-090
76,0,1,1000,40,0.006478,lab004-090
77,0,1,1000,40,0.006492,lab004-090
78,0,1,1000,40,0.006471,lab004-090
79,0,1,1000,40,0.006487,lab004-090
80,0,1,1000,40,0.006472,lab004-090
81,0,1,1000,40,0.006474,lab004-090
82,0,1,1000,40,0.006484,lab004-090
83,0,1,1000,40,0.006488,lab004-090
84,0,1,1000,40,0.006471,lab004-090
85,0,1,1000,40,0.006489,lab004-090
86,0,1,1000,40,0.006475,lab004-090
87,0,1,1000,40,0.006493,lab004-090
88,0,1,1000,40,0.006493,lab004-090
89,0,1,1000,40,0.006469,lab004-090
90,0,1,1000,40,0.006491,lab004-090
91,0,1,1000,40,0.006484,lab004-090
92,0,1,1000,40,0.006469,lab004-090
93,0,1,1000,40,0.006513,lab004-090
94,0,1,1000,40,0.006486,lab004-090
95,0,1,1000,40,0.006476,lab004-090
96,0,1,1000,40,0.006488,lab004-090
97,0,1,1000,40,0.006494,lab004-090
98,0,1,1000,40,0.006475,lab004-090
99,0,1,1000,40,0.006489,lab004-090
1,0,1,1,400,0.002128,lab004-090
2,0,1,1,400,0.000878,lab004-090
3,0,1,1,400,0.000868,lab004-090
4,0,1,1,400,0.000864,lab004-090
5,0,1,1,400,0.000859,lab004-090
6,0,1,1,400,0.000858,lab004-090
7,0,1,1,400,0.000869,lab004-090
8,0,1,1,400,0.000869,lab004-090
9,0,1,1,400,0.000818,lab004-090
10,0,1,1,400,0.000867,lab004-090
11,0,1,1,400,0.000873,lab004-090
12,0,1,1,400,0.000872,lab004-090
13,0,1,1,400,0.000853,lab004-090
14,0,1,1,400,0.000863,lab004-090
15,0,1,1,400,0.000868,lab004-090
16,0,1,1,400,0.000830,lab004-090
17,0,1,1,400,0.000866,lab004-090
18,0,1,1,400,0.000876,lab004-090
19,0,1,1,400,0.000833,lab004-090
20,0,1,1,400,0.000837,lab004-090
21,0,1,1,400,0.000846,lab004-090
22,0,1,1,400,0.000850,lab004-090
23,0,1,1,400,0.000829,lab004-090
24,0,1,1,400,0.000834,lab004-090
25,0,1,1,400,0.000846,lab004-090
26,0,1,1,400,0.000797,lab004-090
27,0,1,1,400,0.000808,lab004-090
28,0,1,1,400,0.000813,lab004-090
29,0,1,1,400,0.000823,lab004-090
30,0,1,1,400,0.000820,lab004-090
31,0,1,1,400,0.000825,lab004-090
32,0,1,1,400,0.000823,lab004-090
33,0,1,1,400,0.000814,lab004-090
34,0,1,1,400,0.000823,lab004-090
35,0,1,1,400,0.000805,lab004-090
36,0,1,1,400,0.000833,lab004-090
37,0,1,1,400,0.000783,lab004-090
38,0,1,1,400,0.000853,lab004-090
39,0,1,1,400,0.000823,lab004-090
40,0,1,1,400,0.000862,lab004-090
41,0,1,1,400,0.000857,lab004-090
42,0,1,1,400,0.000867,lab004-090
43,0,1,1,400,0.000848,lab004-090
44,0,1,1,400,0.000865,lab004-090
45,0,1,1,400,0.000871,lab004-090
46,0,1,1,400,0.000860,lab004-090
47,0,1,1,400,0.000847,lab004-090
48,0,1,1,400,0.000830,lab004-090
49,0,1,1,400,0.000818,lab004-090
50,0,1,1,400,0.000805,lab004-090
51,0,1,1,400,0.000832,lab004-090
52,0,1,1,400,0.000880,lab004-090
53,0,1,1,400,0.000830,lab004-090
54,0,1,1,400,0.000877,lab004-090
55,0,1,1,400,0.000863,lab004-090
56,0,1,1,400,0.000882,lab004-090
57,0,1,1,400,0.000867,lab004-090
58,0,1,1,400,0.000868,lab004-090
59,0,1,1,400,0.000880,lab004-090
60,0,1,1,400,0.000872,lab004-090
61,0,1,1,400,0.000850,lab004-090
62,0,1,1,400,0.000852,lab004-090
63,0,1,1,400,0.000854,lab004-090
64,0,1,1,400,0.000861,lab004-090
65,0,1,1,400,0.000830,lab004-090
66,0,1,1,400,0.000843,lab004-090
67,0,1,1,400,0.000854,lab004-090
68,0,1,1,400,0.000872,lab004-090
69,0,1,1,400,0.000891,lab004-090
70,0,1,1,400,0.000787,lab004-090
71,0,1,1,400,0.000761,lab004-090
72,0,1,1,400,0.000817,lab004-090
73,0,1,1,400,0.000804,lab004-090
74,0,1,1,400,0.000825,lab004-090
75,0,1,1,400,0.000817,lab004-090
76,0,1,1,400,0.000826,lab004-090
77,0,1,1,400,0.000804,lab004-090
78,0,1,1,400,0.000820,lab004-090
79,0,1,1,400,0.000815,lab004-090
80,0,1,1,400,0.000813,lab004-090
81,0,1,1,400,0.000846,lab004-090
82,0,1,1,400,0.000825,lab004-090
83,0,1,1,400,0.000815,lab004-090
84,0,1,1,400,0.000797,lab004-090
85,0,1,1,400,0.000824,lab004-090
86,0,1,1,400,0.000818,lab004-090
87,0,1,1,400,0.000824,lab004-090
88,0,1,1,400,0.000801,lab004-090
89,0,1,1,400,0.000793,lab004-090
90,0,1,1,400,0.000824,lab004-090
91,0,1,1,400,0.000815,lab004-090
92,0,1,1,400,0.000811,lab004-090
93,0,1,1,400,0.000836,lab004-090
94,0,1,1,400,0.000797,lab004-090
95,0,1,1,400,0.000817,lab004-090
96,0,1,1,400,0.000802,lab004-090
97,0,1,1,400,0.000803,lab004-090
98,0,1,1,400,0.000819,lab004-090
99,0,1,1,400,0.000768,lab004-090
1,0,1,10,400,0.002875,lab004-090
2,0,1,10,400,0.001505,lab004-090
3,0,1,10,400,0.001522,lab004-090
4,0,1,10,400,0.001490,lab004-090
5,0,1,10,400,0.001498,lab004-090
6,0,1,10,400,0.001500,lab004-090
7,0,1,10,400,0.001495,lab004-090
8,0,1,10,400,0.001493,lab004-090
9,0,1,10,400,0.001493,lab004-090
10,0,1,10,400,0.001491,lab004-090
11,0,1,10,400,0.001489,lab004-090
12,0,1,10,400,0.001489,lab004-090
13,0,1,10,400,0.001499,lab004-090
14,0,1,10,400,0.001502,lab004-090
15,0,1,10,400,0.001498,lab004-090
16,0,1,10,400,0.001490,lab004-090
17,0,1,10,400,0.001497,lab004-090
18,0,1,10,400,0.001496,lab004-090
19,0,1,10,400,0.001489,lab004-090
20,0,1,10,400,0.001486,lab004-090
21,0,1,10,400,0.001496,lab004-090
22,0,1,10,400,0.001489,lab004-090
23,0,1,10,400,0.001490,lab004-090
24,0,1,10,400,0.001495,lab004-090
25,0,1,10,400,0.001491,lab004-090
26,0,1,10,400,0.001498,lab004-090
27,0,1,10,400,0.001491,lab004-090
28,0,1,10,400,0.001488,lab004-090
29,0,1,10,400,0.001493,lab004-090
30,0,1,10,400,0.001494,lab004-090
31,0,1,10,400,0.001492,lab004-090
32,0,1,10,400,0.001492,lab004-090
33,0,1,10,400,0.001491,lab004-090
34,0,1,10,400,0.001489,lab004-090
35,0,1,10,400,0.001482,lab004-090
36,0,1,10,400,0.001492,lab004-090
37,0,1,10,400,0.001497,lab004-090
38,0,1,10,400,0.001490,lab004-090
39,0,1,10,400,0.001494,lab004-090
40,0,1,10,400,0.001488,lab004-090
41,0,1,10,400,0.001492,lab004-090
42,0,1,10,400,0.001490,lab004-090
43,0,1,10,400,0.001492,lab004-090
44,0,1,10,400,0.001490,lab004-090
45,0,1,10,400,0.001492,lab004-090
46,0,1,10,400,0.001483,lab004-090
47,0,1,10,400,0.001492,lab004-090
48,0,1,10,400,0.001485,lab004-090
49,0,1,10,400,0.001496,lab004-090
50,0,1,10,400,0.001492,lab004-090
51,0,1,10,400,0.001500,lab004-090
52,0,1,10,400,0.001498,lab004-090
53,0,1,10,400,0.001484,lab004-090
54,0,1,10,400,0.001510,lab004-090
55,0,1,10,400,0.001492,lab004-090
56,0,1,10,400,0.001490,lab004-090
57,0,1,10,400,0.001491,lab004-090
58,0,1,10,400,0.001485,lab004-090
59,0,1,10,400,0.001487,lab004-090
60,0,1,10,400,0.001491,lab004-090
61,0,1,10,400,0.001498,lab004-090
62,0,1,10,400,0.001493,lab004-090
63,0,1,10,400,0.001502,lab004-090
64,0,1,10,400,0.001510,lab004-090
65,0,1,10,400,0.001496,lab004-090
66,0,1,10,400,0.001493,lab004-090
67,0,1,10,400,0.001491,lab004-090
68,0,1,10,400,0.001494,lab004-090
69,0,1,10,400,0.001489,lab004-090
70,0,1,10,400,0.001491,lab004-090
71,0,1,10,400,0.001491,lab004-090
72,0,1,10,400,0.001495,lab004-090
73,0,1,10,400,0.001492,lab004-090
74,0,1,10,400,0.001488,lab004-090
75,0,1,10,400,0.001493,lab004-090
76,0,1,10,400,0.001487,lab004-090
77,0,1,10,400,0.001492,lab004-090
78,0,1,10,400,0.001491,lab004-090
79,0,1,10,400,0.001491,lab004-090
80,0,1,10,400,0.001489,lab004-090
81,0,1,10,400,0.001498,lab004-090
82,0,1,10,400,0.001491,lab004-090
83,0,1,10,400,0.001494,lab004-090
84,0,1,10,400,0.001491,lab004-090
85,0,1,10,400,0.001492,lab004-090
86,0,1,10,400,0.001492,lab004-090
87,0,1,10,400,0.001502,lab004-090
88,0,1,10,400,0.001490,lab004-090
89,0,1,10,400,0.001492,lab004-090
90,0,1,10,400,0.001490,lab004-090
91,0,1,10,400,0.001492,lab004-090
92,0,1,10,400,0.001486,lab004-090
93,0,1,10,400,0.001487,lab004-090
94,0,1,10,400,0.001496,lab004-090
95,0,1,10,400,0.001493,lab004-090
96,0,1,10,400,0.001490,lab004-090
97,0,1,10,400,0.001487,lab004-090
98,0,1,10,400,0.001492,lab004-090
99,0,1,10,400,0.001493,lab004-090
1,0,1,100,400,0.006156,lab004-090
2,0,1,100,400,0.004757,lab004-090
3,0,1,100,400,0.004748,lab004-090
4,0,1,100,400,0.004751,lab004-090
5,0,1,100,400,0.004751,lab004-090
6,0,1,100,400,0.004747,lab004-090
7,0,1,100,400,0.004745,lab004-090
8,0,1,100,400,0.004747,lab004-090
9,0,1,100,400,0.004757,lab004-090
10,0,1,100,400,0.004747,lab004-090
11,0,1,100,400,0.004741,lab004-090
12,0,1,100,400,0.004747,lab004-090
13,0,1,100,400,0.004741,lab004-090
14,0,1,100,400,0.004746,lab004-090
15,0,1,100,400,0.004747,lab004-090
16,0,1,100,400,0.004744,lab004-090
17,0,1,100,400,0.004747,lab004-090
18,0,1,100,400,0.004752,lab004-090
19,0,1,100,400,0.004752,lab004-090
20,0,1,100,400,0.004746,lab004-090
21,0,1,100,400,0.004746,lab004-090
22,0,1,100,400,0.004743,lab004-090
23,0,1,100,400,0.004753,lab004-090
24,0,1,100,400,0.004747,lab004-090
25,0,1,100,400,0.004743,lab004-090
26,0,1,100,400,0.004754,lab004-090
27,0,1,100,400,0.004749,lab004-090
28,0,1,100,400,0.004730,lab004-090
29,0,1,100,400,0.004749,lab004-090
30,0,1,100,400,0.004748,lab004-090
31,0,1,100,400,0.004754,lab004-090
32,0,1,100,400,0.004747,lab004-090
33,0,1,100,400,0.004750,lab004-090
34,0,1,100,400,0.004754,lab004-090
35,0,1,100,400,0.004746,lab004-090
36,0,1,100,400,0.004748,lab004-090
37,0,1,100,400,0.004745,lab004-090
38,0,1,100,400,0.004748,lab004-090
39,0,1,100,400,0.004752,lab004-090
40,0,1,100,400,0.004747,lab004-090
41,0,1,100,400,0.004747,lab004-090
42,0,1,100,400,0.004746,lab004-090
43,0,1,100,400,0.004747,lab004-090
44,0,1,100,400,0.004749,lab004-090
45,0,1,100,400,0.004751,lab004-090
46,0,1,100,400,0.004742,lab004-090
47,0,1,100,400,0.004752,lab004-090
48,0,1,100,400,0.004753,lab004-090
49,0,1,100,400,0.004746,lab004-090
50,0,1,100,400,0.004752,lab004-090
51,0,1,100,400,0.004752,lab004-090
52,0,1,100,400,0.004749,lab004-090
53,0,1,100,400,0.004743,lab004-090
54,0,1,100,400,0.004757,lab004-090
55,0,1,100,400,0.004743,lab004-090
56,0,1,100,400,0.004746,lab004-090
57,0,1,100,400,0.004748,lab004-090
58,0,1,100,400,0.004752,lab004-090
59,0,1,100,400,0.004748,lab004-090
60,0,1,100,400,0.004748,lab004-090
61,0,1,100,400,0.004746,lab004-090
62,0,1,100,400,0.004745,lab004-090
63,0,1,100,400,0.004745,lab004-090
64,0,1,100,400,0.004746,lab004-090
65,0,1,100,400,0.004747,lab004-090
66,0,1,100,400,0.004737,lab004-090
67,0,1,100,400,0.004754,lab004-090
68,0,1,100,400,0.004740,lab004-090
69,0,1,100,400,0.004737,lab004-090
70,0,1,100,400,0.004745,lab004-090
71,0,1,100,400,0.004736,lab004-090
72,0,1,100,400,0.004750,lab004-090
73,0,1,100,400,0.004747,lab004-090
74,0,1,100,400,0.004747,lab004-090
75,0,1,100,400,0.004746,lab004-090
76,0,1,100,400,0.004751,lab004-090
77,0,1,100,400,0.004752,lab004-090
78,0,1,100,400,0.004746,lab004-090
79,0,1,100,400,0.004748,lab004-090
80,0,1,100,400,0.004748,lab004-090
81,0,1,100,400,0.004747,lab004-090
82,0,1,100,400,0.004750,lab004-090
83,0,1,100,400,0.004747,lab004-090
84,0,1,100,400,0.004750,lab004-090
85,0,1,100,400,0.004745,lab004-090
86,0,1,100,400,0.004753,lab004-090
87,0,1,100,400,0.004755,lab004-090
88,0,1,100,400,0.004751,lab004-090
89,0,1,100,400,0.004746,lab004-090
90,0,1,100,400,0.004748,lab004-090
91,0,1,100,400,0.004747,lab004-090
92,0,1,100,400,0.004747,lab004-090
93,0,1,100,400,0.004747,lab004-090
94,0,1,100,400,0.004743,lab004-090
95,0,1,100,400,0.004748,lab004-090
96,0,1,100,400,0.004746,lab004-090
97,0,1,100,400,0.004758,lab004-090
98,0,1,100,400,0.004753,lab004-090
99,0,1,100,400,0.004748,lab004-090
1,0,1,1000,400,0.038420,lab004-090
2,0,1,1000,400,0.037068,lab004-090
3,0,1,1000,400,0.037068,lab004-090
4,0,1,1000,400,0.037066,lab004-090
5,0,1,1000,400,0.037075,lab004-090
6,0,1,1000,400,0.037077,lab004-090
7,0,1,1000,400,0.037061,lab004-090
8,0,1,1000,400,0.037069,lab004-090
9,0,1,1000,400,0.037065,lab004-090
10,0,1,1000,400,0.037064,lab004-090
11,0,1,1000,400,0.037058,lab004-090
12,0,1,1000,400,0.037062,lab004-090
13,0,1,1000,400,0.037075,lab004-090
14,0,1,1000,400,0.037060,lab004-090
15,0,1,1000,400,0.037065,lab004-090
16,0,1,1000,400,0.037050,lab004-090
17,0,1,1000,400,0.037082,lab004-090
18,0,1,1000,400,0.037069,lab004-090
19,0,1,1000,400,0.037080,lab004-090
20,0,1,1000,400,0.037069,lab004-090
21,0,1,1000,400,0.037085,lab004-090
22,0,1,1000,400,0.037079,lab004-090
23,0,1,1000,400,0.037092,lab004-090
24,0,1,1000,400,0.037087,lab004-090
25,0,1,1000,400,0.037076,lab004-090
26,0,1,1000,400,0.037074,lab004-090
27,0,1,1000,400,0.037078,lab004-090
28,0,1,1000,400,0.037073,lab004-090
29,0,1,1000,400,0.037086,lab004-090
30,0,1,1000,400,0.037088,lab004-090
31,0,1,1000,400,0.037086,lab004-090
32,0,1,1000,400,0.037075,lab004-090
33,0,1,1000,400,0.037080,lab004-090
34,0,1,1000,400,0.037080,lab004-090
35,0,1,1000,400,0.037075,lab004-090
36,0,1,1000,400,0.037070,lab004-090
37,0,1,1000,400,0.037070,lab004-090
38,0,1,1000,400,0.037065,lab004-090
39,0,1,1000,400,0.037071,lab004-090
40,0,1,1000,400,0.037071,lab004-090
41,0,1,1000,400,0.037054,lab004-090
42,0,1,1000,400,0.037069,lab004-090
43,0,1,1000,400,0.037059,lab004-090
44,0,1,1000,400,0.037100,lab004-090
45,0,1,1000,400,0.037082,lab004-090
46,0,1,1000,400,0.037089,lab004-090
47,0,1,1000,400,0.037092,lab004-090
48,0,1,1000,400,0.037083,lab004-090
49,0,1,1000,400,0.037091,lab004-090
50,0,1,1000,400,0.037090,lab004-090
51,0,1,1000,400,0.037078,lab004-090
52,0,1,1000,400,0.037073,lab004-090
53,0,1,1000,400,0.037074,lab004-090
54,0,1,1000,400,0.037066,lab004-090
55,0,1,1000,400,0.037066,lab004-090
56,0,1,1000,400,0.037078,lab004-090
57,0,1,1000,400,0.037066,lab004-090
58,0,1,1000,400,0.037068,lab004-090
59,0,1,1000,400,0.037075,lab004-090
60,0,1,1000,400,0.037061,lab004-090
61,0,1,1000,400,0.037078,lab004-090
62,0,1,1000,400,0.037076,lab004-090
63,0,1,1000,400,0.037080,lab004-090
64,0,1,1000,400,0.037076,lab004-090
65,0,1,1000,400,0.037073,lab004-090
66,0,1,1000,400,0.037066,lab004-090
67,0,1,1000,400,0.037076,lab004-090
68,0,1,1000,400,0.037073,lab004-090
69,0,1,1000,400,0.037072,lab004-090
70,0,1,1000,400,0.037069,lab004-090
71,0,1,1000,400,0.037071,lab004-090
72,0,1,1000,400,0.037088,lab004-090
73,0,1,1000,400,0.037081,lab004-090
74,0,1,1000,400,0.037082,lab004-090
75,0,1,1000,400,0.037075,lab004-090
76,0,1,1000,400,0.037072,lab004-090
77,0,1,1000,400,0.037082,lab004-090
78,0,1,1000,400,0.037083,lab004-090
79,0,1,1000,400,0.037090,lab004-090
80,0,1,1000,400,0.037065,lab004-090
81,0,1,1000,400,0.037066,lab004-090
82,0,1,1000,400,0.037060,lab004-090
83,0,1,1000,400,0.037066,lab004-090
84,0,1,1000,400,0.037062,lab004-090
85,0,1,1000,400,0.037066,lab004-090
86,0,1,1000,400,0.037072,lab004-090
87,0,1,1000,400,0.037065,lab004-090
88,0,1,1000,400,0.037074,lab004-090
89,0,1,1000,400,0.037070,lab004-090
90,0,1,1000,400,0.037064,lab004-090
91,0,1,1000,400,0.037063,lab004-090
92,0,1,1000,400,0.037063,lab004-090
93,0,1,1000,400,0.037074,lab004-090
94,0,1,1000,400,0.037074,lab004-090
95,0,1,1000,400,0.037063,lab004-090
96,0,1,1000,400,0.037063,lab004-090
97,0,1,1000,400,0.037061,lab004-090
98,0,1,1000,400,0.037089,lab004-090
99,0,1,1000,400,0.037074,lab004-090
1,0,1,1,4000,0.002714,lab004-090
2,0,1,1,4000,0.001472,lab004-090
3,0,1,1,4000,0.001465,lab004-090
4,0,1,1,4000,0.001468,lab004-090
5,0,1,1,4000,0.001439,lab004-090
6,0,1,1,4000,0.001454,lab004-090
7,0,1,1,4000,0.001454,lab004-090
8,0,1,1,4000,0.001293,lab004-090
9,0,1,1,4000,0.001329,lab004-090
10,0,1,1,4000,0.001351,lab004-090
11,0,1,1,4000,0.001340,lab004-090
12,0,1,1,4000,0.001277,lab004-090
13,0,1,1,4000,0.001301,lab004-090
14,0,1,1,4000,0.001276,lab004-090
15,0,1,1,4000,0.001267,lab004-090
16,0,1,1,4000,0.001268,lab004-090
17,0,1,1,4000,0.001275,lab004-090
18,0,1,1,4000,0.001277,lab004-090
19,0,1,1,4000,0.001463,lab004-090
20,0,1,1,4000,0.001465,lab004-090
21,0,1,1,4000,0.001281,lab004-090
22,0,1,1,4000,0.001287,lab004-090
23,0,1,1,4000,0.001503,lab004-090
24,0,1,1,4000,0.001308,lab004-090
25,0,1,1,4000,0.001291,lab004-090
26,0,1,1,4000,0.001478,lab004-090
27,0,1,1,4000,0.001457,lab004-090
28,0,1,1,4000,0.001258,lab004-090
29,0,1,1,4000,0.001265,lab004-090
30,0,1,1,4000,0.001267,lab004-090
31,0,1,1,4000,0.001298,lab004-090
32,0,1,1,4000,0.001258,lab004-090
33,0,1,1,4000,0.001282,lab004-090
34,0,1,1,4000,0.001252,lab004-090
35,0,1,1,4000,0.001505,lab004-090
36,0,1,1,4000,0.001265,lab004-090
37,0,1,1,4000,0.001293,lab004-090
38,0,1,1,4000,0.001478,lab004-090
39,0,1,1,4000,0.001472,lab004-090
40,0,1,1,4000,0.001471,lab004-090
41,0,1,1,4000,0.001262,lab004-090
42,0,1,1,4000,0.001460,lab004-090
43,0,1,1,4000,0.001450,lab004-090
44,0,1,1,4000,0.001466,lab004-090
45,0,1,1,4000,0.001482,lab004-090
46,0,1,1,4000,0.001279,lab004-090
47,0,1,1,4000,0.001279,lab004-090
48,0,1,1,4000,0.001452,lab004-090
49,0,1,1,4000,0.001454,lab004-090
50,0,1,1,4000,0.001466,lab004-090
51,0,1,1,4000,0.001267,lab004-090
52,0,1,1,4000,0.001454,lab004-090
53,0,1,1,4000,0.001451,lab004-090
54,0,1,1,4000,0.001472,lab004-090
55,0,1,1,4000,0.001260,lab004-090
56,0,1,1,4000,0.001267,lab004-090
57,0,1,1,4000,0.001451,lab004-090
58,0,1,1,4000,0.001446,lab004-090
59,0,1,1,4000,0.001472,lab004-090
60,0,1,1,4000,0.001260,lab004-090
61,0,1,1,4000,0.001257,lab004-090
62,0,1,1,4000,0.001451,lab004-090
63,0,1,1,4000,0.001453,lab004-090
64,0,1,1,4000,0.001468,lab004-090
65,0,1,1,4000,0.001259,lab004-090
66,0,1,1,4000,0.001267,lab004-090
67,0,1,1,4000,0.001257,lab004-090
68,0,1,1,4000,0.001458,lab004-090
69,0,1,1,4000,0.001442,lab004-090
70,0,1,1,4000,0.001470,lab004-090
71,0,1,1,4000,0.001480,lab004-090
72,0,1,1,4000,0.001253,lab004-090
73,0,1,1,4000,0.001243,lab004-090
74,0,1,1,4000,0.001452,lab004-090
75,0,1,1,4000,0.001451,lab004-090
76,0,1,1,4000,0.001466,lab004-090
77,0,1,1,4000,0.001475,lab004-090
78,0,1,1,4000,0.001494,lab004-090
79,0,1,1,4000,0.001244,lab004-090
80,0,1,1,4000,0.001257,lab004-090
81,0,1,1,4000,0.001450,lab004-090
82,0,1,1,4000,0.001451,lab004-090
83,0,1,1,4000,0.001471,lab004-090
84,0,1,1,4000,0.001466,lab004-090
85,0,1,1,4000,0.001453,lab004-090
86,0,1,1,4000,0.001245,lab004-090
87,0,1,1,4000,0.001242,lab004-090
88,0,1,1,4000,0.001236,lab004-090
89,0,1,1,4000,0.001448,lab004-090
90,0,1,1,4000,0.001449,lab004-090
91,0,1,1,4000,0.001465,lab004-090
92,0,1,1,4000,0.001253,lab004-090
93,0,1,1,4000,0.001474,lab004-090
94,0,1,1,4000,0.001446,lab004-090
95,0,1,1,4000,0.001248,lab004-090
96,0,1,1,4000,0.001241,lab004-090
97,0,1,1,4000,0.001242,lab004-090
98,0,1,1,4000,0.001449,lab004-090
99,0,1,1,4000,0.001450,lab004-090
1,0,1,10,4000,0.006190,lab004-090
2,0,1,10,4000,0.004464,lab004-090
3,0,1,10,4000,0.004461,lab004-090
4,0,1,10,4000,0.004470,lab004-090
5,0,1,10,4000,0.004456,lab004-090
6,0,1,10,4000,0.004471,lab004-090
7,0,1,10,4000,0.004464,lab004-090
8,0,1,10,4000,0.004465,lab004-090
9,0,1,10,4000,0.004470,lab004-090
10,0,1,10,4000,0.004455,lab004-090
11,0,1,10,4000,0.004452,lab004-090
12,0,1,10,4000,0.004465,lab004-090
13,0,1,10,4000,0.004465,lab004-090
14,0,1,10,4000,0.004467,lab004-090
15,0,1,10,4000,0.004469,lab004-090
16,0,1,10,4000,0.004461,lab004-090
17,0,1,10,4000,0.004473,lab004-090
18,0,1,10,4000,0.004469,lab004-090
19,0,1,10,4000,0.004475,lab004-090
20,0,1,10,4000,0.004468,lab004-090
21,0,1,10,4000,0.004470,lab004-090
22,0,1,10,4000,0.004476,lab004-090
23,0,1,10,4000,0.004474,lab004-090
24,0,1,10,4000,0.004480,lab004-090
25,0,1,10,4000,0.004483,lab004-090
26,0,1,10,4000,0.004458,lab004-090
27,0,1,10,4000,0.004480,lab004-090
28,0,1,10,4000,0.004482,lab004-090
29,0,1,10,4000,0.004477,lab004-090
30,0,1,10,4000,0.004480,lab004-090
31,0,1,10,4000,0.004476,lab004-090
32,0,1,10,4000,0.004479,lab004-090
33,0,1,10,4000,0.004481,lab004-090
34,0,1,10,4000,0.004476,lab004-090
35,0,1,10,4000,0.004477,lab004-090
36,0,1,10,4000,0.004472,lab004-090
37,0,1,10,4000,0.004475,lab004-090
38,0,1,10,4000,0.004457,lab004-090
39,0,1,10,4000,0.004479,lab004-090
40,0,1,10,4000,0.004480,lab004-090
41,0,1,10,4000,0.004478,lab004-090
42,0,1,10,4000,0.004476,lab004-090
43,0,1,10,4000,0.004479,lab004-090
44,0,1,10,4000,0.004476,lab004-090
45,0,1,10,4000,0.004473,lab004-090
46,0,1,10,4000,0.004467,lab004-090
47,0,1,10,4000,0.004476,lab004-090
48,0,1,10,4000,0.004475,lab004-090
49,0,1,10,4000,0.004465,lab004-090
50,0,1,10,4000,0.004476,lab004-090
51,0,1,10,4000,0.004474,lab004-090
52,0,1,10,4000,0.004476,lab004-090
53,0,1,10,4000,0.004474,lab004-090
54,0,1,10,4000,0.004469,lab004-090
55,0,1,10,4000,0.004485,lab004-090
56,0,1,10,4000,0.004470,lab004-090
57,0,1,10,4000,0.004474,lab004-090
58,0,1,10,4000,0.004477,lab004-090
59,0,1,10,4000,0.004476,lab004-090
60,0,1,10,4000,0.004478,lab004-090
61,0,1,10,4000,0.004469,lab004-090
62,0,1,10,4000,0.004473,lab004-090
63,0,1,10,4000,0.004472,lab004-090
64,0,1,10,4000,0.004477,lab004-090
65,0,1,10,4000,0.004480,lab004-090
66,0,1,10,4000,0.004474,lab004-090
67,0,1,10,4000,0.004474,lab004-090
68,0,1,10,4000,0.004475,lab004-090
69,0,1,10,4000,0.004470,lab004-090
70,0,1,10,4000,0.004478,lab004-090
71,0,1,10,4000,0.004474,lab004-090
72,0,1,10,4000,0.004477,lab004-090
73,0,1,10,4000,0.004472,lab004-090
74,0,1,10,4000,0.004474,lab004-090
75,0,1,10,4000,0.004480,lab004-090
76,0,1,10,4000,0.004476,lab004-090
77,0,1,10,4000,0.004485,lab004-090
78,0,1,10,4000,0.004472,lab004-090
79,0,1,10,4000,0.004474,lab004-090
80,0,1,10,4000,0.004452,lab004-090
81,0,1,10,4000,0.004478,lab004-090
82,0,1,10,4000,0.004471,lab004-090
83,0,1,10,4000,0.004470,lab004-090
84,0,1,10,4000,0.004474,lab004-090
85,0,1,10,4000,0.004473,lab004-090
86,0,1,10,4000,0.004457,lab004-090
87,0,1,10,4000,0.004476,lab004-090
88,0,1,10,4000,0.004468,lab004-090
89,0,1,10,4000,0.004472,lab004-090
90,0,1,10,4000,0.004472,lab004-090
91,0,1,10,4000,0.004486,lab004-090
92,0,1,10,4000,0.004475,lab004-090
93,0,1,10,4000,0.004472,lab004-090
94,0,1,10,4000,0.004475,lab004-090
95,0,1,10,4000,0.004478,lab004-090
96,0,1,10,4000,0.004477,lab004-090
97,0,1,10,4000,0.004477,lab004-090
98,0,1,10,4000,0.004478,lab004-090
99,0,1,10,4000,0.004473,lab004-090
1,0,1,100,4000,0.036953,lab004-090
2,0,1,100,4000,0.035266,lab004-090
3,0,1,100,4000,0.035269,lab004-090
4,0,1,100,4000,0.035274,lab004-090
5,0,1,100,4000,0.035281,lab004-090
6,0,1,100,4000,0.035279,lab004-090
7,0,1,100,4000,0.035532,lab004-090
8,0,1,100,4000,0.035278,lab004-090
9,0,1,100,4000,0.035533,lab004-090
10,0,1,100,4000,0.035281,lab004-090
11,0,1,100,4000,0.035281,lab004-090
12,0,1,100,4000,0.035535,lab004-090
13,0,1,100,4000,0.035518,lab004-090
14,0,1,100,4000,0.035517,lab004-090
15,0,1,100,4000,0.035283,lab004-090
16,0,1,100,4000,0.035528,lab004-090
17,0,1,100,4000,0.035525,lab004-090
18,0,1,100,4000,0.035531,lab004-090
19,0,1,100,4000,0.035530,lab004-090
20,0,1,100,4000,0.035525,lab004-090
21,0,1,100,4000,0.035506,lab004-090
22,0,1,100,4000,0.035519,lab004-090
23,0,1,100,4000,0.035518,lab004-090
24,0,1,100,4000,0.035270,lab004-090
25,0,1,100,4000,0.035526,lab004-090
26,0,1,100,4000,0.035534,lab004-090
27,0,1,100,4000,0.035280,lab004-090
28,0,1,100,4000,0.035538,lab004-090
29,0,1,100,4000,0.035523,lab004-090
30,0,1,100,4000,0.035524,lab004-090
31,0,1,100,4000,0.035522,lab004-090
32,0,1,100,4000,0.035526,lab004-090
33,0,1,100,4000,0.035242,lab004-090
34,0,1,100,4000,0.035530,lab004-090
35,0,1,100,4000,0.035274,lab004-090
36,0,1,100,4000,0.035519,lab004-090
37,0,1,100,4000,0.035518,lab004-090
38,0,1,100,4000,0.035278,lab004-090
39,0,1,100,4000,0.035283,lab004-090
40,0,1,100,4000,0.035281,lab004-090
41,0,1,100,4000,0.035282,lab004-090
42,0,1,100,4000,0.035279,lab004-090
43,0,1,100,4000,0.035531,lab004-090
44,0,1,100,4000,0.035277,lab004-090
45,0,1,100,4000,0.035279,lab004-090
46,0,1,100,4000,0.035276,lab004-090
47,0,1,100,4000,0.035275,lab004-090
48,0,1,100,4000,0.035285,lab004-090
49,0,1,100,4000,0.035307,lab004-090
50,0,1,100,4000,0.035281,lab004-090
51,0,1,100,4000,0.035530,lab004-090
52,0,1,100,4000,0.035521,lab004-090
53,0,1,100,4000,0.035529,lab004-090
54,0,1,100,4000,0.035520,lab004-090
55,0,1,100,4000,0.035530,lab004-090
56,0,1,100,4000,0.035279,lab004-090
57,0,1,100,4000,0.035261,lab004-090
58,0,1,100,4000,0.035279,lab004-090
59,0,1,100,4000,0.035279,lab004-090
60,0,1,100,4000,0.035536,lab004-090
61,0,1,100,4000,0.035279,lab004-090
62,0,1,100,4000,0.035277,lab004-090
63,0,1,100,4000,0.035281,lab004-090
64,0,1,100,4000,0.035246,lab004-090
65,0,1,100,4000,0.035283,lab004-090
66,0,1,100,4000,0.035280,lab004-090
67,0,1,100,4000,0.035276,lab004-090
68,0,1,100,4000,0.035282,lab004-090
69,0,1,100,4000,0.035277,lab004-090
70,0,1,100,4000,0.035278,lab004-090
71,0,1,100,4000,0.035530,lab004-090
72,0,1,100,4000,0.035281,lab004-090
73,0,1,100,4000,0.035285,lab004-090
74,0,1,100,4000,0.035283,lab004-090
75,0,1,100,4000,0.035279,lab004-090
76,0,1,100,4000,0.035299,lab004-090
77,0,1,100,4000,0.035284,lab004-090
78,0,1,100,4000,0.035239,lab004-090
79,0,1,100,4000,0.035284,lab004-090
80,0,1,100,4000,0.035287,lab004-090
81,0,1,100,4000,0.035271,lab004-090
82,0,1,100,4000,0.035284,lab004-090
83,0,1,100,4000,0.035541,lab004-090
84,0,1,100,4000,0.035302,lab004-090
85,0,1,100,4000,0.035272,lab004-090
86,0,1,100,4000,0.035274,lab004-090
87,0,1,100,4000,0.035265,lab004-090
88,0,1,100,4000,0.035284,lab004-090
89,0,1,100,4000,0.035251,lab004-090
90,0,1,100,4000,0.035279,lab004-090
91,0,1,100,4000,0.035280,lab004-090
92,0,1,100,4000,0.035263,lab004-090
93,0,1,100,4000,0.035515,lab004-090
94,0,1,100,4000,0.035515,lab004-090
95,0,1,100,4000,0.035531,lab004-090
96,0,1,100,4000,0.035273,lab004-090
97,0,1,100,4000,0.035281,lab004-090
98,0,1,100,4000,0.035518,lab004-090
99,0,1,100,4000,0.035284,lab004-090
1,0,1,1000,4000,0.345125,lab004-090
2,0,1,1000,4000,0.343714,lab004-090
3,0,1,1000,4000,0.343674,lab004-090
4,0,1,1000,4000,0.343702,lab004-090
5,0,1,1000,4000,0.343665,lab004-090
6,0,1,1000,4000,0.343585,lab004-090
7,0,1,1000,4000,0.343783,lab004-090
8,0,1,1000,4000,0.343794,lab004-090
9,0,1,1000,4000,0.343622,lab004-090
10,0,1,1000,4000,0.343810,lab004-090
11,0,1,1000,4000,0.343604,lab004-090
12,0,1,1000,4000,0.343575,lab004-090
13,0,1,1000,4000,0.343582,lab004-090
14,0,1,1000,4000,0.343785,lab004-090
15,0,1,1000,4000,0.343565,lab004-090
16,0,1,1000,4000,0.343615,lab004-090
17,0,1,1000,4000,0.343785,lab004-090
18,0,1,1000,4000,0.343806,lab004-090
19,0,1,1000,4000,0.343608,lab004-090
20,0,1,1000,4000,0.343657,lab004-090
21,0,1,1000,4000,0.343558,lab004-090
22,0,1,1000,4000,0.343629,lab004-090
23,0,1,1000,4000,0.343661,lab004-090
24,0,1,1000,4000,0.343688,lab004-090
25,0,1,1000,4000,0.343653,lab004-090
26,0,1,1000,4000,0.343645,lab004-090
27,0,1,1000,4000,0.343626,lab004-090
28,0,1,1000,4000,0.343671,lab004-090
29,0,1,1000,4000,0.343647,lab004-090
30,0,1,1000,4000,0.343621,lab004-090
31,0,1,1000,4000,0.343624,lab004-090
32,0,1,1000,4000,0.343604,lab004-090
33,0,1,1000,4000,0.343804,lab004-090
34,0,1,1000,4000,0.343569,lab004-090
35,0,1,1000,4000,0.343579,lab004-090
36,0,1,1000,4000,0.343643,lab004-090
37,0,1,1000,4000,0.343572,lab004-090
38,0,1,1000,4000,0.343649,lab004-090
39,0,1,1000,4000,0.343635,lab004-090
40,0,1,1000,4000,0.343803,lab004-090
41,0,1,1000,4000,0.343722,lab004-090
42,0,1,1000,4000,0.343755,lab004-090
43,0,1,1000,4000,0.343749,lab004-090
44,0,1,1000,4000,0.343763,lab004-090
45,0,1,1000,4000,0.343724,lab004-090
46,0,1,1000,4000,0.343629,lab004-090
47,0,1,1000,4000,0.343607,lab004-090
48,0,1,1000,4000,0.343588,lab004-090
49,0,1,1000,4000,0.343725,lab004-090
50,0,1,1000,4000,0.343604,lab004-090
51,0,1,1000,4000,0.343682,lab004-090
52,0,1,1000,4000,0.343654,lab004-090
53,0,1,1000,4000,0.343646,lab004-090
54,0,1,1000,4000,0.343619,lab004-090
55,0,1,1000,4000,0.343615,lab004-090
56,0,1,1000,4000,0.343627,lab004-090
57,0,1,1000,4000,0.343784,lab004-090
58,0,1,1000,4000,0.343799,lab004-090
59,0,1,1000,4000,0.343718,lab004-090
60,0,1,1000,4000,0.343721,lab004-090
61,0,1,1000,4000,0.343675,lab004-090
62,0,1,1000,4000,0.343640,lab004-090
63,0,1,1000,4000,0.343585,lab004-090
64,0,1,1000,4000,0.343636,lab004-090
65,0,1,1000,4000,0.343671,lab004-090
66,0,1,1000,4000,0.343662,lab004-090
67,0,1,1000,4000,0.343692,lab004-090
68,0,1,1000,4000,0.343659,lab004-090
69,0,1,1000,4000,0.343630,lab004-090
70,0,1,1000,4000,0.343625,lab004-090
71,0,1,1000,4000,0.343582,lab004-090
72,0,1,1000,4000,0.343742,lab004-090
73,0,1,1000,4000,0.343590,lab004-090
74,0,1,1000,4000,0.343612,lab004-090
75,0,1,1000,4000,0.343626,lab004-090
76,0,1,1000,4000,0.343650,lab004-090
77,0,1,1000,4000,0.343688,lab004-090
78,0,1,1000,4000,0.343690,lab004-090
79,0,1,1000,4000,0.343697,lab004-090
80,0,1,1000,4000,0.343818,lab004-090
81,0,1,1000,4000,0.343796,lab004-090
82,0,1,1000,4000,0.343785,lab004-090
83,0,1,1000,4000,0.343644,lab004-090
84,0,1,1000,4000,0.343678,lab004-090
85,0,1,1000,4000,0.343657,lab004-090
86,0,1,1000,4000,0.343704,lab004-090
87,0,1,1000,4000,0.343684,lab004-090
88,0,1,1000,4000,0.343802,lab004-090
89,0,1,1000,4000,0.343669,lab004-090
90,0,1,1000,4000,0.343631,lab004-090
91,0,1,1000,4000,0.343676,lab004-090
92,0,1,1000,4000,0.343687,lab004-090
93,0,1,1000,4000,0.343687,lab004-090
94,0,1,1000,4000,0.343694,lab004-090
95,0,1,1000,4000,0.343669,lab004-090
96,0,1,1000,4000,0.343684,lab004-090
97,0,1,1000,4000,0.343657,lab004-090
98,0,1,1000,4000,0.343706,lab004-090
99,0,1,1000,4000,0.343708,lab004-090
